date;AOS;ADM;AFL;AEE;APD;BAX;BXP;CINF;CMI;CMS;COO;DHI;DOV;DTE;ED;EIX;EMN;ESS;FDS;FE;FRT;GL;HBAN;HOLX;IEX;INCY;JBHT;LNC;MAA;MHK;NTRS;NUE;POOL;PNW;PPG;RHI;ROK;ROP;SNA;SJM;STT;SWK;TER;VMC;TTWO;ROL;ATO;AVY;BRO;CHD
28.02.2002;-6.96%;-0.78%;-1.74%;-5.10%;4.73%;-0.76%;2.68%;4.31%;10.19%;-4.64%;0.81%;6.44%;3.48%;0.89%;-0.59%;2.14%;9.43%;2.16%;-11.58%;-1.74%;3.37%;5.91%;5.24%;-2.20%;5.59%;-25.62%;-15.68%;-0.05%;1.88%;14.37%;-7.44%;-5.65%;4.70%;2.64%;5.55%;-0.93%;2.47%;-6.45%;5.58%;8.99%;-5.86%;13.71%;12.09%;4.03%;0.25%;-0.28%;5.56%;7.43%;0.50%;4.86%
31.03.2002;10.76%;0.82%;14.88%;4.80%;6.36%;7.15%;4.60%;8.45%;14.26%;5.37%;0.10%;-5.49%;3.84%;9.72%;3.98%;5.88%;10.76%;9.95%;17.76%;-4.71%;1.90%;0.12%;6.65%;20.76%;3.22%;8.15%;21.00%;-1.07%;1.82%;-4.64%;10.94%;13.57%;5.42%;11.68%;7.73%;13.36%;2.38%;6.27%;-0.54%;-2.90%;9.10%;-7.98%;17.54%;-1.26%;7.76%;5.48%;7.11%;-4.77%;-10.21%;-4.55%
30.04.2002;22.05%;-4.89%;1.21%;-1.01%;-6.75%;-4.55%;0.13%;7.74%;-10.06%;-14.60%;11.66%;2.50%;-9.27%;0.68%;3.86%;8.21%;-8.89%;0.96%;-13.83%;-3.85%;6.83%;1.34%;3.68%;4.90%;-2.96%;-31.16%;-8.03%;-5.73%;2.11%;6.91%;-11.52%;-8.88%;0.77%;-3.52%;-4.89%;-11.19%;6.88%;-7.69%;-7.11%;2.51%;-7.68%;0.35%;-16.58%;-3.35%;24.73%;-4.42%;1.25%;5.35%;5.58%;-3.07%
31.05.2002;-3.90%;9.51%;7.42%;4.55%;4.23%;-5.76%;5.04%;-3.30%;-13.63%;-6.85%;-5.78%;-5.10%;-4.62%;3.08%;0.27%;2.67%;4.74%;0.15%;-6.54%;3.49%;1.53%;-1.21%;-1.72%;1.52%;5.63%;-10.74%;4.21%;-5.98%;-0.67%;1.71%;-2.59%;13.92%;-7.81%;-7.78%;9.17%;-6.16%;2.05%;-15.19%;-0.39%;-4.17%;-9.24%;-8.53%;-17.95%;3.79%;2.13%;3.33%;-3.44%;1.92%;7.24%;21.43%
30.06.2002;4.60%;-11.90%;-0.43%;-1.75%;0.51%;-17.36%;-2.69%;2.40%;-9.52%;-38.23%;-5.95%;6.27%;-1.42%;-4.75%;-3.53%;-9.03%;1.28%;4.76%;-8.67%;-2.29%;1.00%;-5.48%;-2.88%;-12.43%;-11.74%;-1.08%;7.88%;-6.42%;2.68%;-6.22%;-15.10%;-2.57%;-5.26%;-1.65%;8.96%;-5.72%;-8.40%;-4.49%;-5.46%;2.85%;-3.92%;-3.26%;-13.35%;-8.09%;-19.92%;-2.57%;2.46%;-4.14%;-11.65%;-9.83%
31.07.2002;-8.03%;-8.67%;-1.99%;2.99%;-12.10%;-10.36%;-5.37%;-13.57%;-2.57%;-26.20%;-6.86%;-14.86%;-16.29%;-7.31%;2.48%;-23.09%;-4.73%;-5.60%;-12.58%;-8.03%;0.15%;-5.28%;2.32%;-11.76%;-7.16%;-15.01%;-10.99%;-12.79%;-3.89%;-22.95%;-9.44%;-14.06%;-10.63%;-14.07%;-7.42%;-14.53%;-7.56%;-20.39%;-8.64%;-2.00%;-4.80%;-12.15%;-36.32%;-7.82%;0.58%;0.14%;-9.49%;-0.51%;-8.82%;-10.68%
31.08.2002;6.29%;4.05%;-2.69%;0.66%;5.87%;-9.21%;1.42%;-1.04%;-7.91%;29.91%;3.25%;-6.63%;-2.25%;4.62%;-5.18%;-8.69%;1.10%;3.39%;-5.01%;7.18%;-1.24%;3.17%;2.14%;-16.09%;0.31%;-1.27%;-10.06%;1.64%;0.02%;4.07%;7.17%;-10.51%;11.01%;-0.63%;-2.11%;-13.32%;-0.57%;16.96%;3.87%;8.37%;1.79%;-3.49%;-15.81%;-3.65%;20.88%;-2.74%;0.75%;1.32%;1.53%;11.53%
30.09.2002;-6.81%;3.00%;0.31%;-5.59%;-10.59%;-15.96%;-1.94%;-10.59%;-20.09%;-22.26%;15.52%;-10.18%;-11.39%;-5.29%;-0.01%;-16.67%;-15.07%;-6.50%;7.13%;-8.69%;-0.14%;-8.41%;-10.05%;-8.98%;-8.49%;-24.32%;-0.81%;-17.68%;-1.29%;0.16%;-11.89%;-24.40%;-0.90%;-17.05%;-20.12%;-8.51%;-11.00%;-0.86%;-18.10%;1.40%;-10.94%;-5.79%;-24.25%;-6.91%;15.40%;-2.25%;1.51%;-9.39%;2.60%;6.03%
31.10.2002;-22.87%;8.73%;-0.95%;-1.70%;5.59%;-18.24%;-2.61%;7.29%;1.30%;-2.99%;0.81%;3.35%;-1.32%;12.07%;5.70%;0.36%;-4.00%;-2.64%;2.87%;8.68%;-0.79%;4.36%;4.69%;25.98%;5.08%;6.33%;17.44%;-0.27%;-5.40%;7.71%;-7.44%;11.58%;3.84%;2.53%;5.07%;5.09%;1.58%;11.74%;13.22%;-0.39%;7.25%;-1.06%;26.01%;-7.33%;-11.24%;21.77%;2.19%;9.09%;1.19%;4.17%
30.11.2002;21.91%;-2.25%;1.23%;2.23%;-0.07%;27.74%;3.72%;1.22%;31.10%;26.96%;5.92%;-0.64%;23.76%;-1.81%;-6.74%;10.23%;7.56%;7.34%;12.86%;-2.49%;3.45%;3.88%;3.37%;11.21%;13.51%;8.18%;-0.77%;16.50%;8.03%;14.93%;11.02%;19.10%;10.44%;14.33%;6.37%;17.54%;27.07%;9.39%;14.81%;6.76%;8.65%;10.91%;35.22%;12.34%;15.98%;-1.47%;1.24%;3.41%;13.10%;-13.02%
31.12.2002;1.24%;-6.68%;-2.28%;0.42%;-3.43%;-12.58%;-0.68%;-2.58%;-9.74%;-3.13%;-11.07%;-9.32%;-5.85%;4.56%;9.04%;6.74%;-6.14%;-0.40%;-8.47%;5.16%;2.93%;-1.75%;-4.50%;-11.37%;-3.79%;-14.88%;6.40%;-10.24%;-1.92%;-7.67%;-9.54%;-17.90%;-7.44%;6.02%;0.90%;-18.13%;-0.85%;-13.30%;-5.37%;2.23%;-13.44%;-3.15%;-20.73%;-0.12%;-21.63%;9.20%;5.90%;-5.32%;-6.03%;1.17%
31.01.2003;-3.88%;-2.92%;7.44%;-3.99%;-2.66%;2.45%;-1.04%;-4.23%;-12.29%;-40.04%;2.36%;9.99%;-10.35%;-8.74%;-6.87%;3.95%;-5.89%;0.67%;-3.92%;-5.47%;1.33%;-1.82%;2.16%;-18.94%;-10.93%;-4.49%;-5.80%;2.02%;-2.76%;-7.60%;-2.48%;-3.03%;-5.13%;-8.72%;-2.73%;-6.00%;11.20%;-4.99%;-9.38%;0.38%;1.75%;-23.12%;-20.24%;-9.30%;-9.89%;14.99%;-4.05%;-1.99%;-7.96%;-4.21%
28.02.2003;-0.34%;-9.63%;-3.61%;-0.95%;-6.58%;0.66%;3.53%;-1.07%;-3.05%;-20.72%;13.34%;-3.88%;-2.57%;-1.24%;-2.39%;0.15%;-6.05%;0.84%;-5.97%;-5.54%;4.44%;1.30%;1.12%;-27.13%;-4.61%;-22.57%;-11.27%;-11.38%;0.28%;-6.35%;-6.08%;4.14%;-1.28%;-0.71%;-5.07%;-11.77%;-0.26%;-17.03%;-2.09%;-14.46%;-7.01%;-3.13%;11.46%;-6.99%;-1.41%;7.73%;-5.09%;-3.77%;-3.31%;2.03%
31.03.2003;3.86%;-0.52%;2.69%;0.05%;6.79%;-34.44%;1.78%;-1.14%;2.84%;-2.10%;2.83%;4.76%;-4.69%;-6.83%;-0.03%;10.66%;-10.04%;2.45%;26.96%;7.99%;3.52%;-1.50%;-3.28%;18.99%;4.52%;-11.64%;9.60%;-1.26%;1.57%;-3.02%;-5.00%;-8.35%;8.33%;8.74%;-2.05%;-0.70%;-9.45%;-0.10%;-0.01%;2.53%;-14.27%;-7.15%;0.33%;-4.01%;6.50%;9.56%;1.18%;2.11%;8.75%;2.05%
30.04.2003;11.17%;2.49%;1.96%;6.56%;4.39%;23.29%;4.98%;5.72%;10.10%;41.17%;-6.79%;23.34%;18.56%;5.55%;0.94%;6.47%;6.80%;6.66%;7.14%;6.98%;3.02%;8.14%;5.07%;4.43%;9.73%;14.62%;28.24%;14.04%;8.34%;15.61%;15.88%;7.47%;11.01%;-0.16%;7.51%;22.21%;10.04%;5.93%;18.44%;3.65%;11.11%;1.09%;-0.44%;15.58%;0.84%;5.07%;7.05%;-9.18%;14.14%;3.56%
31.05.2003;6.98%;7.94%;0.52%;10.94%;1.12%;10.08%;6.85%;0.53%;26.36%;27.04%;23.64%;10.84%;5.37%;7.38%;10.51%;11.49%;6.98%;3.58%;10.54%;9.04%;6.98%;-0.17%;5.64%;38.91%;8.70%;46.27%;7.44%;10.03%;4.46%;3.95%;8.57%;16.53%;-2.51%;15.31%;0.16%;4.03%;3.64%;20.21%;3.52%;3.69%;9.27%;16.26%;47.75%;4.69%;12.22%;-15.00%;8.56%;4.57%;-0.98%;0.93%
30.06.2003;-11.52%;8.01%;-6.47%;-3.18%;-4.67%;2.50%;4.38%;-0.23%;5.63%;2.17%;0.62%;7.09%;-0.81%;-10.92%;2.02%;0.82%;-3.22%;0.36%;14.50%;5.53%;-3.13%;-3.65%;-4.88%;4.54%;4.97%;-3.29%;2.46%;2.29%;2.80%;-3.88%;8.91%;2.44%;6.67%;-1.18%;5.18%;11.64%;1.45%;1.29%;-3.86%;6.52%;2.75%;-0.46%;0.83%;1.78%;11.97%;-8.45%;1.39%;-9.62%;-8.27%;3.10%
31.07.2003;18.62%;2.03%;4.26%;-4.03%;12.28%;6.12%;0.21%;6.74%;29.02%;-19.82%;0.83%;0.11%;22.13%;-6.47%;-8.32%;-0.19%;16.10%;7.23%;4.36%;-10.37%;10.55%;9.03%;5.71%;6.88%;2.03%;7.95%;23.39%;4.73%;5.82%;21.32%;5.59%;1.30%;12.67%;-8.43%;11.22%;14.56%;8.32%;7.19%;-2.52%;0.31%;16.84%;2.57%;-5.04%;8.43%;-6.07%;-0.71%;-1.80%;8.12%;-4.69%;-1.08%
31.08.2003;7.89%;5.49%;-0.29%;1.70%;1.74%;1.70%;-0.86%;2.60%;7.51%;2.55%;5.75%;10.48%;3.78%;-2.31%;-0.52%;14.86%;-1.42%;3.64%;5.47%;-15.23%;0.25%;-0.52%;-2.56%;17.00%;5.15%;-24.64%;5.58%;-4.37%;4.79%;8.16%;-3.57%;4.17%;5.63%;1.09%;-2.83%;2.37%;5.27%;7.14%;4.10%;1.03%;-4.32%;6.78%;8.32%;2.89%;11.91%;-4.34%;-0.15%;1.39%;-0.07%;-1.46%
30.09.2003;-22.06%;-5.14%;1.08%;0.88%;-4.77%;3.34%;1.13%;-0.95%;-10.38%;10.41%;9.79%;5.27%;-6.68%;5.59%;4.47%;1.19%;-6.53%;-0.30%;-8.62%;10.15%;5.29%;0.61%;-0.68%;-17.10%;-6.11%;16.84%;5.31%;-0.19%;2.61%;-2.33%;0.18%;-10.84%;1.79%;3.42%;-4.22%;-12.40%;-3.02%;1.96%;-5.54%;4.68%;2.31%;-1.69%;4.24%;-3.12%;14.51%;-0.28%;-0.56%;-7.20%;-0.60%;9.70%
31.10.2003;12.93%;9.39%;12.87%;5.54%;1.13%;-8.60%;3.21%;3.08%;6.61%;10.11%;6.56%;21.64%;10.25%;1.35%;-0.78%;3.12%;-1.96%;-3.39%;-1.67%;7.74%;4.28%;7.90%;9.68%;-0.07%;1.96%;13.97%;-3.16%;12.79%;3.97%;3.86%;10.17%;19.96%;25.98%;2.92%;10.33%;21.01%;18.22%;13.41%;6.04%;3.75%;16.65%;12.87%;22.40%;10.95%;16.18%;13.83%;2.27%;4.01%;-1.14%;6.45%
30.11.2003;11.49%;-0.49%;-1.47%;-1.23%;5.50%;4.60%;4.45%;-0.83%;-2.07%;-2.90%;4.99%;9.94%;-1.68%;2.18%;-0.49%;3.53%;9.82%;6.73%;-5.09%;0.69%;3.51%;0.70%;1.74%;10.52%;6.52%;14.51%;3.48%;-0.99%;6.52%;-2.82%;-3.53%;2.26%;2.04%;8.95%;1.35%;-5.79%;7.02%;1.57%;2.25%;4.86%;-2.74%;-1.96%;10.42%;0.29%;-16.72%;9.58%;0.54%;4.68%;3.21%;8.62%
31.12.2003;-0.34%;6.88%;0.73%;4.16%;10.12%;9.63%;4.11%;2.50%;5.99%;7.90%;3.16%;-1.09%;3.88%;4.40%;8.11%;7.31%;10.74%;0.34%;-7.76%;2.62%;-2.42%;3.19%;2.24%;14.61%;5.26%;12.98%;2.70%;2.88%;2.11%;-2.22%;3.02%;-0.28%;-8.85%;1.57%;10.25%;4.77%;7.54%;-1.84%;8.23%;-0.95%;2.12%;16.62%;1.03%;7.50%;-13.01%;1.37%;-0.25%;1.63%;3.85%;-2.12%
31.01.2004;-11.03%;2.82%;1.86%;6.42%;-5.19%;-2.63%;5.12%;4.32%;3.59%;2.98%;2.69%;-2.64%;3.88%;0.50%;1.84%;0.25%;2.02%;-2.13%;-0.49%;6.52%;8.84%;4.10%;-0.04%;1.50%;0.19%;30.34%;-2.66%;9.29%;2.70%;-1.43%;2.92%;0.84%;-2.00%;-1.99%;-9.11%;0.57%;-8.58%;-1.63%;-3.45%;2.80%;3.63%;-0.04%;5.63%;0.20%;0.55%;12.13%;5.28%;11.64%;6.22%;0.56%
29.02.2004;0.06%;9.77%;10.05%;-1.90%;-3.41%;-0.16%;2.34%;3.82%;-2.68%;4.72%;-2.31%;13.38%;-5.21%;3.42%;0.72%;5.86%;6.11%;1.26%;-3.27%;2.90%;2.51%;10.07%;3.52%;14.10%;2.44%;-3.20%;3.97%;6.01%;5.66%;19.66%;4.55%;11.64%;13.04%;0.69%;0.73%;-4.40%;-6.54%;0.25%;2.67%;8.50%;-0.28%;2.18%;-8.42%;-0.90%;7.87%;-8.24%;2.87%;1.89%;6.40%;4.53%
31.03.2004;-7.00%;-1.57%;-1.02%;-2.85%;3.81%;5.99%;5.92%;-3.53%;18.91%;-2.81%;14.05%;11.36%;-0.78%;1.62%;1.07%;5.11%;0.69%;3.93%;15.66%;2.09%;9.00%;3.11%;-4.85%;1.16%;1.98%;-3.91%;2.80%;1.83%;3.45%;-1.23%;-6.25%;-2.35%;2.70%;0.58%;-0.03%;5.03%;14.31%;-0.71%;1.78%;4.77%;-3.07%;10.11%;-3.42%;0.77%;17.45%;11.12%;-1.92%;-1.92%;5.16%;4.02%
30.04.2004;3.20%;4.01%;5.13%;-3.95%;-0.24%;2.38%;-12.52%;-0.78%;2.25%;-7.23%;-0.08%;-18.79%;3.17%;-4.08%;-6.63%;-2.92%;0.78%;-5.88%;-6.66%;-0.03%;-18.94%;-3.13%;-2.18%;-0.57%;8.59%;-4.41%;12.35%;-5.24%;-13.22%;-6.41%;-9.14%;-3.13%;7.84%;-0.82%;1.65%;15.37%;-5.79%;0.54%;4.37%;-0.99%;-6.20%;0.20%;-14.56%;-2.61%;-21.55%;-7.92%;-3.72%;3.77%;0.56%;3.71%
31.05.2004;-1.09%;-5.36%;-3.92%;1.04%;0.26%;-0.72%;4.96%;4.64%;-2.68%;3.67%;2.16%;0.29%;-2.73%;2.99%;-4.79%;3.10%;8.80%;7.49%;9.87%;-0.32%;7.55%;4.07%;6.34%;1.97%;1.21%;-9.87%;3.35%;6.50%;11.34%;-3.82%;1.69%;10.80%;0.04%;4.27%;0.77%;2.54%;3.52%;9.23%;-0.50%;-6.56%;-0.84%;2.39%;9.31%;-3.26%;2.99%;2.63%;0.55%;-8.14%;2.43%;0.94%
30.06.2004;7.87%;1.27%;0.68%;-2.89%;4.88%;9.68%;1.38%;1.72%;7.82%;5.84%;14.36%;-1.54%;8.41%;0.74%;2.65%;5.84%;-0.32%;4.19%;8.23%;-3.23%;4.16%;-0.80%;0.84%;13.00%;7.94%;6.48%;17.87%;-0.59%;7.32%;-1.31%;-1.64%;16.49%;12.01%;0.17%;5.22%;6.56%;11.26%;7.38%;0.46%;-5.72%;1.20%;4.58%;1.76%;6.78%;2.84%;-5.50%;4.51%;9.02%;7.91%;0.94%
31.07.2004;-9.76%;-8.15%;-2.97%;5.44%;-0.88%;-12.97%;6.91%;-7.87%;10.99%;-1.20%;-5.94%;-2.81%;-5.85%;0.27%;2.94%;5.54%;-2.53%;-2.57%;-8.82%;4.42%;2.55%;-2.73%;7.06%;-14.42%;-6.68%;-19.86%;-0.54%;-7.61%;-5.48%;0.19%;-4.72%;9.18%;-8.48%;0.17%;-5.76%;-6.65%;-0.37%;-1.68%;-4.39%;-9.03%;-12.52%;-6.52%;-24.77%;0.05%;1.86%;0.51%;-1.78%;-5.47%;-1.45%;-3.59%
31.08.2004;-14.61%;3.39%;1.05%;4.59%;1.11%;1.45%;4.77%;1.07%;-3.19%;6.20%;-2.63%;11.87%;-5.02%;2.75%;2.89%;0.19%;4.03%;11.80%;3.09%;2.81%;7.43%;-1.64%;0.87%;-7.14%;-4.02%;11.31%;-11.85%;4.35%;12.19%;4.49%;7.11%;-6.52%;2.22%;5.29%;1.28%;-12.04%;4.14%;-1.46%;-1.17%;9.86%;5.33%;1.92%;-24.85%;-0.01%;4.72%;0.80%;0.37%;2.50%;5.49%;1.68%
30.09.2004;-0.40%;6.72%;-2.09%;-1.48%;3.71%;5.19%;-0.27%;2.05%;10.20%;-0.94%;18.18%;7.21%;3.31%;2.00%;0.88%;-1.49%;2.08%;-2.69%;8.30%;2.96%;-3.15%;3.19%;0.86%;3.94%;10.44%;40.89%;9.53%;3.64%;-1.88%;3.10%;-5.34%;16.60%;-4.81%;-1.79%;3.22%;5.31%;-0.44%;4.08%;-12.68%;-2.98%;-5.49%;-1.80%;4.01%;7.36%;0.20%;4.14%;0.72%;6.36%;1.84%;-6.33%
31.10.2004;8.88%;13.97%;-8.60%;5.33%;-1.79%;-4.46%;9.00%;1.86%;-5.27%;-1.79%;2.52%;-9.50%;0.92%;2.40%;3.24%;15.81%;0.68%;10.31%;3.29%;0.50%;8.96%;1.47%;-3.17%;4.09%;8.55%;7.89%;9.91%;-6.92%;0.87%;7.06%;4.61%;-7.39%;9.05%;2.59%;3.92%;2.84%;7.62%;7.20%;6.49%;0.09%;5.77%;5.25%;23.47%;-2.41%;0.22%;8.37%;2.35%;-7.62%;-8.73%;-3.10%
30.11.2004;13.75%;9.30%;4.70%;0.72%;7.50%;2.74%;0.62%;7.16%;13.46%;8.82%;-1.32%;17.55%;2.85%;2.59%;0.77%;4.44%;14.41%;2.49%;3.48%;2.03%;5.54%;1.70%;1.14%;24.30%;8.62%;-1.40%;-1.77%;5.70%;1.70%;2.93%;10.43%;25.12%;7.87%;4.71%;5.69%;1.73%;13.31%;-0.17%;7.44%;2.05%;-1.24%;4.88%;2.87%;4.01%;5.89%;-6.98%;4.42%;-3.73%;-3.05%;14.55%
31.12.2004;-0.53%;5.46%;6.01%;3.39%;1.10%;8.97%;7.30%;-1.37%;5.49%;2.29%;1.36%;14.32%;3.93%;-1.87%;0.88%;0.25%;6.00%;3.90%;13.14%;-5.74%;2.83%;3.90%;1.82%;9.76%;1.09%;-2.89%;11.49%;1.27%;4.30%;3.89%;3.11%;-1.22%;1.23%;0.32%;1.56%;8.95%;4.99%;-1.43%;9.42%;3.88%;10.07%;5.24%;-0.10%;5.69%;-0.62%;7.29%;2.39%;2.74%;7.44%;7.74%
31.01.2005;-9.61%;8.31%;-0.99%;1.12%;1.97%;-0.62%;-9.90%;0.15%;-7.46%;0.61%;8.54%;-1.47%;-8.84%;2.60%;0.11%;2.01%;-5.59%;-13.48%;-8.66%;0.47%;-7.93%;-4.61%;-6.54%;29.80%;-4.97%;-10.47%;-1.79%;-1.32%;-8.41%;-3.16%;-9.93%;7.39%;-6.99%;-6.26%;0.75%;2.93%;14.17%;-4.62%;-3.80%;-1.05%;-8.62%;-3.08%;-17.97%;3.26%;1.16%;-5.94%;1.12%;0.04%;-0.83%;2.25%
28.02.2005;-2.65%;-0.57%;-3.15%;2.53%;6.14%;5.47%;3.34%;1.22%;-5.64%;15.13%;7.21%;10.10%;0.81%;0.78%;-2.71%;-0.13%;6.47%;0.02%;-7.49%;3.56%;6.22%;-4.54%;-2.21%;3.20%;2.64%;-2.73%;7.09%;2.19%;0.61%;1.23%;-3.35%;10.84%;14.38%;1.09%;4.45%;-4.02%;9.55%;11.30%;-0.19%;5.22%;-2.30%;-2.91%;9.75%;2.28%;3.87%;2.74%;-0.63%;0.86%;7.30%;2.57%
31.03.2005;9.65%;2.14%;-2.73%;-4.99%;0.86%;-4.92%;0.51%;-2.71%;-3.99%;7.20%;-11.69%;-11.12%;-2.07%;2.64%;-0.27%;6.69%;1.97%;-4.34%;0.01%;2.56%;-3.88%;-0.04%;6.01%;-13.81%;1.94%;-21.97%;-7.46%;-3.86%;-3.03%;-6.27%;2.61%;-7.88%;-6.42%;1.61%;-0.18%;-7.55%;-8.82%;1.18%;-3.47%;2.65%;-0.51%;-2.33%;-5.53%;-1.48%;6.42%;9.45%;-1.17%;2.46%;-0.88%;0.24%
30.04.2005;-1.49%;-27.02%;8.89%;6.59%;-6.94%;8.97%;11.37%;-2.94%;-3.55%;-1.13%;-7.55%;4.10%;-3.99%;1.96%;2.40%;5.11%;-8.02%;11.00%;-16.11%;3.53%;11.58%;2.37%;-1.08%;11.40%;-7.89%;-4.31%;-10.90%;-0.59%;4.53%;-7.91%;3.87%;-11.06%;2.05%;-1.64%;-5.76%;-8.15%;-18.59%;3.10%;4.13%;-1.56%;5.95%;-4.59%;-24.73%;-6.88%;-9.94%;5.92%;-2.80%;-15.68%;-5.29%;1.34%
31.05.2005;10.42%;10.10%;1.97%;5.33%;2.31%;-0.78%;0.26%;-1.84%;-0.31%;2.16%;-2.46%;13.10%;3.91%;3.22%;4.91%;1.00%;8.61%;5.09%;15.07%;1.55%;2.94%;-1.51%;-0.96%;3.22%;3.18%;16.25%;2.81%;1.82%;7.41%;6.97%;2.05%;3.40%;9.74%;6.25%;-3.44%;0.24%;10.88%;3.22%;3.80%;0.14%;3.59%;3.43%;17.82%;12.75%;9.24%;3.10%;7.33%;-0.05%;1.61%;0.15%
30.06.2005;-15.06%;7.95%;4.22%;1.09%;-0.11%;0.31%;4.56%;-0.03%;10.08%;13.60%;-8.09%;8.89%;-3.75%;-1.85%;4.00%;10.11%;-6.41%;3.59%;11.91%;9.41%;6.65%;-1.27%;3.29%;7.76%;0.29%;-6.52%;-4.46%;2.82%;11.92%;-1.33%;-1.19%;-14.09%;-2.04%;0.52%;-3.59%;0.17%;-4.97%;1.87%;-0.10%;-5.48%;0.29%;1.85%;-8.22%;8.74%;-1.43%;-1.75%;2.72%;1.46%;0.80%;0.05%
31.07.2005;0.85%;7.06%;3.97%;1.52%;-0.61%;5.61%;9.63%;4.75%;14.28%;4.94%;12.70%;8.99%;13.17%;1.35%;2.58%;1.21%;0.98%;11.43%;2.10%;3.23%;11.47%;-0.11%;4.00%;14.45%;12.89%;11.23%;1.84%;2.70%;5.77%;6.21%;11.70%;21.96%;3.61%;2.80%;3.38%;35.48%;5.51%;7.30%;6.70%;1.10%;3.23%;7.88%;29.50%;7.84%;-3.54%;4.00%;1.01%;6.77%;-3.84%;3.49%
31.08.2005;4.54%;-2.17%;-4.47%;-1.54%;-7.60%;2.40%;-6.87%;-1.00%;0.91%;1.34%;-0.49%;-10.43%;-1.66%;-2.92%;-2.90%;9.85%;-13.70%;-4.56%;-4.88%;2.21%;-5.49%;0.81%;-4.11%;5.49%;-0.41%;-7.95%;-7.97%;2.37%;-6.08%;-3.08%;-2.19%;1.56%;0.14%;-1.17%;-3.45%;-0.92%;0.73%;0.22%;-3.52%;0.02%;-3.13%;-6.80%;7.88%;1.99%;-3.59%;-6.19%;1.17%;-6.00%;9.28%;1.32%
30.09.2005;0.99%;9.71%;4.79%;-2.91%;-0.76%;-1.43%;-0.64%;2.06%;1.82%;1.88%;11.44%;-1.97%;0.36%;-0.09%;4.46%;4.71%;-2.37%;2.04%;0.54%;2.70%;-1.89%;-0.12%;-6.63%;19.45%;-2.47%;-36.43%;4.91%;4.61%;3.53%;-6.30%;1.13%;4.15%;-4.61%;-2.18%;-5.62%;5.60%;1.81%;1.71%;2.18%;2.01%;0.93%;1.74%;-2.08%;3.44%;-7.47%;-0.75%;-3.79%;-2.25%;4.58%;-3.33%
31.10.2005;13.34%;-1.45%;5.20%;-0.80%;4.15%;-4.38%;1.89%;2.06%;-3.25%;-9.63%;-10.41%;-15.54%;-4.71%;-5.01%;-6.55%;-7.21%;13.07%;0.51%;-0.75%;-9.13%;0.20%;-0.27%;4.21%;-4.24%;-6.22%;5.90%;1.83%;-2.98%;0.03%;-3.01%;6.20%;1.89%;2.71%;-5.53%;1.05%;3.35%;0.20%;-4.32%;-0.55%;-6.10%;13.06%;3.06%;-18.21%;-12.68%;-6.79%;-2.83%;-7.17%;8.64%;9.07%;-5.39%
30.11.2005;12.68%;-3.59%;0.15%;-0.58%;3.06%;1.29%;8.34%;4.30%;3.94%;-6.55%;-20.71%;15.50%;3.46%;0.71%;-0.22%;2.80%;4.56%;1.71%;10.10%;-1.45%;3.53%;2.35%;2.70%;27.91%;10.31%;11.11%;15.04%;3.13%;5.20%;12.41%;-2.01%;11.77%;7.92%;0.29%;0.96%;3.43%;5.86%;4.35%;3.44%;-1.10%;4.14%;-0.16%;7.74%;2.31%;-11.93%;6.68%;0.72%;3.47%;7.31%;-5.53%
31.12.2005;-3.89%;4.68%;-3.40%;-2.65%;-0.29%;-3.38%;-1.76%;0.06%;0.85%;3.47%;-6.71%;0.50%;0.19%;-1.35%;2.69%;-3.67%;-7.08%;0.23%;6.12%;4.98%;-3.72%;2.41%;-1.20%;6.33%;-7.18%;-4.28%;1.09%;1.70%;-0.46%;-1.46%;-1.97%;-0.86%;-4.49%;-0.66%;-4.23%;-1.10%;4.94%;-0.04%;0.88%;-2.72%;-4.22%;-0.24%;-0.73%;1.69%;-3.33%;-3.22%;-0.69%;-6.31%;4.34%;-0.72%
31.01.2006;22.41%;27.39%;0.79%;-0.08%;4.43%;-1.01%;6.19%;2.27%;8.09%;-0.63%;7.77%;4.10%;13.09%;-1.49%;1.12%;0.76%;-6.10%;8.39%;-3.46%;1.92%;10.82%;0.55%;-1.79%;35.36%;11.54%;-5.03%;4.77%;2.48%;4.91%;-2.58%;0.84%;27.13%;6.80%;2.70%;2.41%;-3.94%;11.33%;1.78%;6.49%;-1.49%;9.07%;2.35%;19.21%;5.75%;-10.75%;8.68%;0.11%;8.45%;-6.28%;11.06%
28.02.2006;7.51%;0.36%;-1.83%;-0.52%;3.66%;2.37%;7.85%;-2.93%;10.94%;-3.04%;-5.68%;-8.70%;4.04%;2.27%;-2.77%;0.89%;1.98%;-0.07%;-2.17%;1.62%;3.96%;-2.70%;3.32%;-7.39%;2.66%;15.18%;-0.58%;4.50%;7.30%;1.39%;0.64%;1.82%;8.66%;-2.88%;1.56%;-2.01%;2.84%;11.52%;-3.36%;-9.49%;3.00%;1.90%;-3.96%;9.57%;-2.11%;-10.21%;0.12%;0.10%;8.50%;-6.51%
31.03.2006;13.67%;6.06%;-2.52%;-2.05%;4.35%;2.17%;9.76%;-5.53%;-3.03%;-8.40%;2.60%;-2.98%;1.28%;-7.78%;-4.34%;-7.54%;3.38%;8.74%;13.06%;-3.76%;7.54%;4.07%;-0.04%;15.35%;10.04%;2.01%;-9.33%;-4.21%;0.46%;-7.06%;-0.79%;21.41%;7.77%;-5.12%;4.94%;7.35%;5.47%;7.53%;-1.74%;0.72%;-3.65%;0.67%;-7.99%;9.84%;19.40%;4.44%;0.54%;-2.27%;5.99%;6.73%
30.04.2006;-10.55%;7.63%;4.98%;2.03%;2.14%;-3.22%;-4.99%;1.75%;-0.93%;2.50%;1.10%;-9.99%;2.09%;2.59%;-1.23%;-1.60%;6.76%;0.76%;-0.83%;3.34%;-8.67%;4.91%;0.78%;-14.24%;-2.99%;-31.09%;10.27%;6.03%;-3.56%;-1.13%;12.30%;3.99%;-0.77%;2.20%;5.59%;9.12%;0.40%;-2.77%;8.51%;-1.47%;8.07%;3.37%;8.34%;-2.31%;-8.99%;-0.31%;0.44%;6.51%;-6.29%;-1.04%
31.05.2006;-7.44%;13.96%;-1.99%;-2.18%;-5.79%;-0.43%;-4.53%;7.07%;5.03%;-4.03%;-14.06%;-12.62%;-2.26%;-1.31%;1.84%;-3.33%;3.31%;-2.81%;1.31%;2.94%;-0.21%;-2.29%;-3.04%;-17.59%;-4.97%;-0.43%;2.60%;-3.05%;-4.02%;-8.42%;-5.47%;-3.69%;-7.99%;-0.97%;-4.57%;-3.34%;-6.20%;-1.62%;0.49%;5.17%;-5.36%;-7.51%;-8.08%;-8.56%;-4.89%;-3.15%;0.70%;-5.41%;-2.86%;-1.85%
30.06.2006;5.08%;-0.87%;-1.10%;1.64%;-1.83%;-2.89%;6.39%;2.15%;10.82%;0.38%;-6.86%;-9.73%;1.16%;0.39%;1.72%;-1.01%;-4.62%;4.45%;5.06%;3.92%;1.97%;2.72%;-0.14%;24.59%;-2.78%;9.91%;1.40%;0.06%;10.00%;-4.95%;-1.51%;2.67%;0.87%;0.92%;2.91%;2.14%;5.38%;-0.59%;-3.23%;8.16%;-6.86%;-3.14%;-10.93%;0.01%;-33.98%;-0.39%;4.83%;-2.64%;-4.35%;0.51%
31.07.2006;-7.95%;6.19%;-5.17%;2.88%;0.17%;13.85%;9.08%;0.65%;-4.69%;7.87%;-0.54%;-10.43%;-5.03%;4.79%;5.07%;6.44%;-7.71%;5.30%;-7.59%;2.90%;4.10%;-0.81%;3.96%;-9.42%;-8.34%;-7.79%;-17.82%;0.03%;2.06%;-2.29%;3.30%;-1.25%;-11.17%;7.37%;-7.16%;-23.35%;-14.33%;-3.72%;3.53%;-0.56%;3.35%;-3.76%;-6.07%;-14.54%;-1.69%;7.19%;2.68%;1.26%;7.03%;-0.18%
31.08.2006;-6.46%;-6.85%;1.69%;3.56%;3.27%;5.25%;3.07%;-1.40%;-2.28%;4.08%;12.66%;1.91%;2.72%;-1.79%;-1.85%;5.04%;5.26%;6.74%;0.04%;1.47%;1.68%;2.68%;-2.19%;-4.27%;-3.46%;19.53%;-4.52%;7.40%;6.48%;2.27%;-2.38%;-8.51%;-2.63%;7.63%;2.54%;-4.81%;-9.46%;2.32%;3.60%;8.54%;2.48%;3.68%;6.43%;16.96%;13.81%;0.10%;-0.32%;5.23%;-5.04%;5.06%
30.09.2006;-2.11%;-8.18%;1.43%;-1.83%;-0.29%;2.02%;1.27%;2.63%;3.75%;-1.78%;6.63%;9.56%;-2.46%;-0.96%;0.86%;-4.99%;2.58%;-3.65%;9.88%;-1.73%;-0.10%;1.04%;-0.37%;0.38%;2.11%;-17.63%;5.29%;1.86%;0.95%;4.63%;3.95%;0.86%;0.98%;-2.35%;6.28%;9.66%;3.03%;-3.95%;2.18%;-1.17%;0.56%;5.14%;-6.68%;-0.39%;16.48%;-0.72%;-0.19%;-3.27%;1.82%;1.36%
31.10.2006;-11.24%;1.23%;-2.25%;3.30%;5.09%;0.71%;3.65%;-4.88%;6.09%;2.71%;7.31%;-2.58%;-0.28%;10.40%;4.24%;7.00%;13.31%;10.14%;4.39%;4.94%;8.30%;-2.68%;2.67%;10.23%;8.53%;12.12%;3.78%;1.57%;3.56%;-2.76%;0.50%;19.06%;6.03%;5.72%;1.56%;7.18%;6.30%;6.54%;5.16%;1.78%;2.85%;-4.22%;6.12%;3.72%;-2.30%;2.10%;7.23%;5.19%;-4.66%;3.32%
30.11.2006;1.86%;-9.25%;-2.16%;0.71%;-1.18%;-3.10%;9.15%;-3.42%;-5.98%;8.44%;-6.77%;14.01%;5.47%;3.23%;-0.69%;3.05%;-2.95%;-1.35%;3.47%;1.26%;5.86%;2.29%;-0.83%;3.48%;2.15%;9.66%;0.64%;0.62%;-5.29%;6.09%;-3.42%;2.05%;-0.44%;3.92%;-6.41%;5.16%;4.55%;6.95%;0.58%;-2.30%;-3.63%;6.65%;5.86%;8.47%;23.60%;0.83%;6.22%;6.44%;-1.31%;2.88%
31.12.2006;4.55%;-9.09%;4.19%;-2.19%;1.25%;3.29%;-4.82%;1.93%;-1.55%;2.62%;-17.95%;-0.96%;-2.58%;2.40%;0.49%;-1.49%;-0.52%;-2.51%;6.53%;1.14%;-0.61%;0.45%;-2.70%;-5.90%;-1.53%;11.05%;-5.07%;4.02%;-5.00%;-3.72%;6.15%;-9.07%;-4.55%;2.34%;0.17%;-4.01%;-6.12%;-2.49%;0.47%;0.98%;8.08%;-1.83%;0.00%;1.32%;1.96%;0.80%;-2.07%;0.28%;-2.92%;1.54%
31.01.2007;1.66%;-0.31%;3.06%;-0.43%;6.30%;8.00%;18.68%;-0.98%;13.42%;-0.50%;6.82%;9.26%;0.74%;-3.60%;0.00%;-0.91%;-0.94%;11.98%;2.39%;-2.05%;10.22%;1.49%;-1.42%;16.84%;9.03%;26.79%;20.55%;0.67%;4.59%;9.66%;0.09%;18.92%;-7.00%;-4.19%;2.80%;9.20%;-0.23%;2.90%;0.76%;-2.46%;5.24%;14.09%;-0.84%;12.88%;-2.58%;-1.75%;-2.54%;0.80%;-0.05%;5.80%
28.02.2007;0.85%;6.96%;-1.16%;-2.09%;-0.18%;0.32%;-5.19%;-3.78%;-0.35%;4.17%;-4.13%;-12.65%;-4.03%;-0.53%;0.24%;4.11%;0.49%;-4.16%;4.41%;5.08%;-3.52%;-1.83%;-0.94%;-1.10%;0.16%;-14.11%;5.31%;1.86%;-7.53%;5.81%;-1.12%;-6.07%;-4.48%;-2.17%;-0.44%;-4.38%;0.99%;2.07%;3.46%;3.94%;-8.18%;-3.33%;7.74%;14.16%;2.04%;5.03%;0.32%;-3.20%;-0.98%;5.45%
31.03.2007;-1.54%;6.76%;-0.42%;-4.07%;-1.57%;4.89%;-2.62%;-2.33%;7.37%;1.88%;5.47%;-13.68%;2.09%;3.03%;5.93%;4.10%;6.78%;-7.21%;2.94%;6.31%;-0.29%;2.18%;-6.05%;4.27%;-2.60%;2.38%;-1.28%;-1.07%;1.43%;-6.68%;-0.70%;6.57%;1.56%;1.32%;6.48%;-5.47%;-3.51%;2.88%;-3.83%;7.83%;-1.59%;-0.81%;2.24%;-0.16%;12.72%;-0.05%;-0.02%;-3.70%;-4.14%;4.74%
30.04.2007;-0.75%;5.01%;8.65%;5.37%;3.53%;7.45%;0.29%;7.15%;26.92%;3.60%;4.66%;0.38%;-1.85%;6.40%;-0.05%;6.73%;7.24%;-0.20%;-2.57%;2.88%;-0.30%;3.69%;2.26%;-0.60%;2.68%;16.56%;2.69%;4.52%;-4.55%;9.44%;4.67%;-2.09%;11.99%;-0.36%;4.23%;-10.46%;-0.99%;1.71%;12.87%;4.25%;6.27%;5.42%;5.06%;5.73%;-5.26%;-0.18%;0.97%;-3.05%;-5.25%;0.31%
31.05.2007;3.17%;-9.87%;2.55%;0.54%;1.54%;-0.04%;-2.01%;-0.01%;1.84%;-1.87%;7.50%;4.96%;3.60%;4.12%;-5.17%;10.90%;-2.68%;-1.67%;3.36%;0.74%;-2.13%;2.44%;0.85%;-6.54%;7.75%;-8.45%;7.28%;2.08%;9.65%;12.79%;2.97%;6.02%;1.63%;-3.24%;3.12%;5.12%;13.88%;3.81%;-1.20%;2.96%;-1.28%;8.08%;-2.87%;-3.63%;7.00%;-0.32%;1.70%;4.53%;0.79%;-1.83%
30.06.2007;1.13%;-5.66%;-2.78%;-8.05%;2.65%;-1.28%;-12.11%;-4.85%;7.23%;-5.90%;-3.70%;-14.55%;2.18%;-9.21%;-6.92%;-4.09%;-3.17%;-8.99%;6.89%;-6.23%;-13.22%;-4.84%;0.85%;1.99%;1.83%;-15.77%;0.53%;-2.54%;-11.07%;-1.64%;-1.69%;-13.56%;-4.79%;-14.57%;0.16%;3.77%;2.11%;-2.56%;-6.51%;10.52%;-0.21%;-4.40%;2.89%;-4.33%;-3.41%;-1.47%;-6.69%;1.45%;-3.71%;-3.36%
31.07.2007;21.31%;1.14%;1.00%;-1.31%;7.57%;-6.76%;-7.25%;-9.36%;16.88%;-6.45%;-6.33%;-18.51%;-0.69%;-3.21%;-3.59%;-5.65%;7.33%;-7.15%;-3.85%;-6.55%;-2.44%;-8.55%;-14.95%;-6.75%;-6.45%;-11.73%;-5.14%;-15.38%;-14.41%;-11.10%;-2.79%;-13.90%;-14.29%;-6.35%;-0.19%;-7.28%;0.39%;4.64%;3.20%;-12.73%;-2.08%;-8.81%;-11.15%;-16.83%;-12.12%;4.12%;-7.02%;-7.56%;1.83%;0.84%
31.08.2007;-0.77%;-0.12%;1.86%;5.42%;3.79%;3.69%;5.49%;7.08%;-0.66%;0.57%;-3.15%;-7.83%;-3.56%;2.66%;4.75%;-0.76%;-3.41%;9.07%;-9.60%;0.72%;11.46%;-0.20%;-10.78%;2.19%;6.15%;9.35%;2.92%;1.07%;10.68%;-3.42%;-2.02%;4.96%;-3.28%;7.36%;-4.25%;-6.45%;0.25%;5.21%;-6.82%;-1.85%;-8.88%;2.13%;-5.52%;-6.39%;-9.78%;11.18%;-0.28%;-2.95%;4.33%;-8.84%
30.09.2007;-9.28%;-1.83%;7.10%;3.07%;8.29%;2.46%;3.51%;2.46%;7.92%;3.06%;7.19%;-14.77%;3.25%;1.00%;1.71%;4.88%;-0.36%;-0.51%;14.31%;3.59%;5.07%;0.91%;-1.66%;14.45%;-5.73%;22.11%;-8.91%;8.04%;0.20%;-7.20%;7.51%;12.10%;-23.54%;-1.15%;3.37%;-6.54%;-1.26%;3.17%;1.39%;-2.69%;10.76%;-1.40%;-7.64%;-0.75%;6.56%;0.46%;1.61%;-4.31%;-2.39%;4.55%
31.10.2007;-15.11%;7.84%;9.74%;3.96%;0.17%;6.64%;4.65%;-7.74%;-6.52%;0.57%;-20.20%;-1.26%;-10.04%;3.20%;1.39%;5.09%;0.16%;5.51%;2.55%;9.72%;-0.05%;4.24%;6.81%;11.04%;-2.99%;20.80%;5.08%;-5.78%;3.99%;4.65%;13.64%;5.05%;-5.92%;1.93%;-1.39%;0.45%;-1.23%;7.79%;0.29%;-0.30%;17.10%;2.77%;-10.90%;-4.40%;9.63%;13.47%;-1.27%;1.22%;-4.54%;0.25%
30.11.2007;-5.23%;1.25%;-0.56%;-0.73%;0.88%;-0.57%;-9.50%;0.16%;-2.89%;2.37%;2.11%;-6.01%;0.27%;-1.45%;2.55%;-4.07%;-3.91%;-16.29%;-11.46%;-1.98%;-6.04%;-5.49%;-12.74%;-2.61%;0.77%;-1.26%;-5.50%;-1.03%;-6.43%;-6.08%;7.35%;-4.87%;-9.92%;7.12%;-8.50%;-10.74%;-1.78%;-10.65%;-2.27%;-8.39%;-0.19%;-9.72%;-12.09%;3.51%;-20.57%;-3.40%;-6.97%;-10.34%;-2.68%;18.28%
31.12.2007;-1.23%;27.87%;0.06%;0.40%;-0.68%;-3.31%;-6.99%;-1.37%;8.92%;-0.26%;-11.96%;11.07%;-0.24%;-10.65%;1.81%;-4.93%;-5.13%;-6.29%;-11.23%;6.01%;-1.52%;-2.13%;-6.20%;3.12%;0.93%;16.86%;4.89%;-5.71%;-11.74%;-7.78%;-5.72%;-0.25%;-6.71%;-1.32%;2.77%;0.42%;1.73%;-1.70%;-0.96%;5.03%;1.37%;-7.31%;-5.32%;-10.70%;22.89%;-2.21%;8.10%;1.71%;-4.47%;-3.77%
31.01.2008;-0.38%;-5.49%;-2.67%;-16.69%;-8.95%;4.50%;6.67%;-1.85%;-24.29%;-10.05%;3.49%;30.85%;-12.79%;-2.17%;-11.02%;-2.23%;8.69%;7.05%;0.40%;-1.76%;-9.65%;0.53%;-7.51%;-6.45%;-13.77%;18.99%;12.68%;-7.13%;6.95%;7.21%;-4.08%;-1.57%;24.05%;-9.90%;-7.13%;2.53%;-17.70%;-10.80%;1.61%;-9.27%;1.21%;6.38%;6.08%;-1.27%;-11.10%;-8.07%;2.29%;-2.05%;-4.42%;-1.78%
29.02.2008;4.54%;2.42%;2.03%;-4.69%;1.72%;-2.67%;-6.17%;-3.68%;4.07%;-8.30%;-13.31%;-18.84%;2.90%;-6.75%;-6.28%;-5.13%;-0.52%;1.25%;-6.20%;-5.23%;-3.07%;-1.10%;-9.27%;-6.42%;-3.20%;-17.41%;-12.12%;-5.11%;7.29%;-10.78%;-7.94%;11.51%;-22.82%;-6.06%;-5.32%;-3.12%;-3.98%;0.87%;1.50%;9.30%;-4.48%;-5.62%;8.97%;-10.55%;61.06%;-0.36%;-9.66%;-0.96%;-20.92%;0.32%
31.03.2008;-9.94%;-8.64%;4.30%;2.97%;0.56%;-2.20%;6.68%;2.17%;-7.01%;-5.53%;0.53%;13.22%;0.95%;-2.48%;-1.75%;-0.94%;-5.28%;8.34%;2.39%;2.12%;8.58%;-0.42%;-12.20%;-7.98%;1.59%;5.88%;15.05%;1.57%;2.61%;0.11%;-1.89%;4.74%;-1.01%;-1.49%;-1.76%;-4.26%;5.30%;5.22%;2.30%;-0.69%;0.40%;-2.07%;3.42%;-4.77%;-3.87%;0.41%;-0.93%;-4.20%;-2.40%;1.44%
30.04.2008;-6.05%;6.87%;2.47%;4.37%;7.32%;8.01%;9.76%;-4.81%;33.63%;7.50%;1.48%;-1.83%;18.23%;4.89%;4.61%;6.91%;18.31%;5.18%;11.25%;10.05%;6.10%;7.52%;-10.88%;4.82%;19.37%;3.06%;7.90%;3.20%;5.16%;6.22%;11.77%;12.08%;16.08%;-3.43%;1.24%;-8.11%;-5.74%;4.33%;16.46%;-1.62%;-8.60%;1.77%;6.82%;3.46%;2.64%;-10.13%;8.37%;-1.54%;10.29%;4.58%
31.05.2008;17.34%;-10.08%;0.51%;0.02%;3.37%;-2.14%;-2.92%;-2.63%;12.22%;6.75%;15.39%;-18.13%;9.14%;9.57%;-0.90%;1.85%;4.05%;0.21%;7.62%;3.88%;-2.04%;-2.02%;-5.29%;-17.86%;6.06%;-10.69%;2.38%;3.20%;7.74%;-1.64%;2.37%;-1.11%;-5.77%;0.85%;2.52%;3.53%;7.79%;4.64%;4.22%;5.65%;-0.35%;0.52%;3.21%;11.60%;2.98%;-0.31%;-1.23%;6.85%;1.23%;0.01%
30.06.2008;-9.35%;-14.90%;-6.29%;-7.25%;-3.17%;4.48%;-7.86%;-27.64%;-6.96%;-4.02%;-8.33%;-14.39%;-10.39%;-4.24%;-4.18%;-3.65%;-10.29%;-11.03%;-12.81%;5.16%;-14.58%;-7.68%;-35.41%;-9.45%;-5.32%;-21.80%;-4.37%;-18.01%;-8.99%;-14.79%;-9.95%;-0.34%;-13.49%;-9.08%;-8.39%;-2.22%;-25.08%;1.12%;-15.76%;-22.70%;-11.32%;-7.89%;-19.60%;-21.97%;-5.71%;-6.66%;1.67%;-15.00%;-10.53%;-1.04%
31.07.2008;20.78%;-15.32%;-11.60%;-1.41%;-3.41%;7.53%;7.24%;10.91%;1.10%;-9.55%;-9.37%;2.34%;2.45%;-2.41%;1.41%;-5.52%;-12.55%;14.85%;2.17%;-10.81%;5.95%;-1.17%;23.70%;-15.43%;2.54%;21.53%;10.97%;5.10%;12.45%;-8.15%;14.28%;-23.00%;24.17%;8.95%;5.55%;5.36%;1.63%;-7.28%;8.08%;19.78%;12.21%;-0.29%;-15.51%;7.23%;-10.98%;15.10%;-4.14%;0.83%;0.89%;-2.78%
31.08.2008;4.11%;-11.20%;1.83%;1.74%;-3.66%;-1.37%;6.40%;6.34%;-1.91%;0.39%;9.16%;11.92%;-0.63%;2.75%;2.89%;-5.14%;0.47%;-3.43%;8.61%;-1.37%;4.37%;3.02%;4.14%;14.76%;-1.79%;10.35%;-1.30%;7.27%;-11.84%;16.96%;2.71%;-8.38%;9.74%;6.44%;3.53%;1.10%;5.94%;-3.45%;1.17%;11.13%;-5.67%;7.67%;-0.56%;16.46%;9.83%;3.91%;3.91%;9.48%;15.52%;13.78%
30.09.2008;-4.96%;-13.65%;3.92%;-6.91%;-25.58%;-3.29%;-8.75%;-4.20%;-32.88%;-7.64%;-5.77%;5.06%;-17.60%;-4.99%;6.39%;-13.26%;-8.87%;0.69%;-16.59%;-7.19%;12.66%;-0.05%;9.00%;-9.06%;-16.47%;-25.37%;-8.60%;-15.81%;-2.18%;-2.55%;-10.34%;-24.91%;-3.45%;-2.37%;-6.59%;-3.06%;-20.55%;-3.74%;-7.32%;-6.09%;-16.10%;-13.10%;-16.44%;0.05%;-34.73%;7.06%;-2.34%;-7.17%;6.68%;-0.66%
31.10.2008;-19.57%;-5.47%;-24.71%;-15.60%;-14.68%;-7.61%;-23.84%;-7.47%;-40.27%;-17.88%;-52.67%;-43.40%;-21.73%;-11.01%;0.76%;-10.20%;-26.15%;-17.13%;-25.84%;-22.22%;-27.95%;-30.23%;20.08%;-36.76%;-25.35%;-45.83%;-14.88%;-59.81%;-28.37%;-28.29%;-21.82%;3.65%;-25.46%;-8.10%;-15.07%;-23.84%;-25.98%;-20.46%;-29.91%;-3.52%;-23.56%;-21.12%;-34.78%;-27.22%;-27.76%;-7.51%;-8.91%;-21.35%;-5.17%;-4.91%
30.11.2008;4.43%;32.05%;4.53%;9.62%;-17.87%;-12.58%;-24.69%;12.47%;-2.21%;-0.91%;-18.72%;-6.94%;-6.14%;5.32%;-6.79%;-6.18%;-18.57%;-11.16%;3.09%;12.28%;-5.63%;-13.28%;-15.37%;14.84%;-0.29%;-19.55%;-5.02%;-19.31%;6.79%;-36.49%;-18.53%;-11.95%;-1.06%;-2.30%;-11.45%;10.67%;12.55%;1.07%;-2.47%;1.79%;-2.89%;-2.93%;-25.72%;10.47%;2.42%;-1.45%;2.69%;-11.22%;-3.05%;0.56%
31.12.2008;-9.84%;5.83%;-0.42%;-6.52%;5.26%;1.30%;3.00%;-0.58%;5.37%;0.37%;22.39%;2.91%;11.37%;-4.09%;-2.26%;-3.83%;-3.62%;-11.24%;11.14%;-16.26%;7.33%;23.65%;-4.25%;-7.04%;5.00%;13.47%;-2.35%;37.22%;0.35%;39.79%;13.62%;29.48%;5.26%;5.69%;-2.32%;0.33%;4.67%;-5.16%;10.28%;-3.64%;-6.60%;7.27%;11.35%;17.42%;-37.78%;4.80%;-3.58%;5.24%;5.41%;-5.44%
31.01.2009;-6.91%;-5.03%;-49.37%;1.89%;0.99%;9.98%;-20.27%;-23.62%;-10.29%;16.22%;15.67%;-15.26%;-14.09%;-1.80%;4.68%;2.42%;-16.96%;-12.69%;-10.04%;2.90%;-17.51%;-32.66%;-61.76%;-9.79%;-6.38%;-22.69%;-15.23%;-19.69%;-20.51%;-25.27%;10.93%;-11.02%;-11.80%;4.17%;-11.43%;-18.59%;-19.23%;-5.23%;-23.36%;4.13%;-40.43%;-7.35%;13.98%;-28.92%;-7.14%;-13.72%;3.59%;-24.98%;-8.47%;-5.15%
28.02.2009;-6.51%;-2.64%;-27.80%;-28.49%;-8.06%;-13.21%;-14.35%;-6.35%;-13.27%;-5.88%;16.09%;41.77%;-11.82%;-22.42%;-11.15%;-16.44%;-20.86%;-17.65%;-3.18%;-14.87%;-18.77%;-31.34%;-49.32%;-4.00%;-14.12%;-21.17%;-8.50%;-42.75%;-10.66%;-29.66%;-3.43%;-17.51%;-16.29%;-20.34%;-17.36%;-9.33%;-22.82%;0.68%;-21.85%;-17.80%;8.58%;-14.41%;-14.15%;-16.29%;-11.83%;1.27%;-11.09%;-16.85%;-11.82%;-8.11%
31.03.2009;-1.39%;4.69%;16.98%;-2.50%;21.60%;0.59%;-5.57%;11.32%;23.31%;8.18%;20.22%;15.31%;6.77%;3.45%;11.00%;5.82%;30.46%;5.38%;30.27%;-8.35%;11.82%;27.31%;13.68%;15.62%;13.18%;1.28%;18.79%;-22.14%;19.24%;32.21%;7.67%;13.41%;0.96%;1.12%;20.64%;16.83%;9.95%;2.64%;7.58%;1.15%;21.78%;8.80%;6.03%;8.20%;34.87%;8.97%;7.41%;10.85%;12.51%;6.92%
30.04.2009;23.46%;-11.39%;49.22%;1.11%;18.05%;-4.84%;43.67%;6.62%;33.59%;1.51%;8.73%;34.53%;16.67%;9.02%;-6.27%;0.00%;51.14%;12.61%;7.19%;5.95%;21.82%;11.81%;69.33%;13.51%;15.44%;0.84%;16.62%;68.00%;19.97%;58.38%;-8.61%;7.51%;34.64%;3.08%;19.37%;34.71%;44.63%;7.39%;35.13%;5.71%;10.91%;32.17%;35.61%;7.35%;8.73%;4.95%;6.87%;31.31%;2.90%;4.16%
31.05.2009;-2.92%;11.78%;22.88%;1.04%;-1.70%;5.55%;-2.23%;-5.59%;-4.62%;-5.66%;-7.79%;-29.43%;2.14%;2.30%;-4.50%;2.56%;4.44%;7.25%;-1.29%;-7.60%;-4.62%;37.66%;40.50%;-14.74%;-7.06%;39.41%;9.35%;68.86%;-0.12%;-19.11%;6.05%;7.91%;-2.41%;2.99%;0.95%;-10.95%;-2.85%;-5.55%;-8.17%;2.18%;36.10%;-6.13%;20.37%;-6.86%;-4.96%;-7.17%;-2.87%;-4.11%;-0.92%;-7.61%
30.06.2009;8.59%;-2.19%;-11.66%;7.00%;-0.30%;3.45%;-1.29%;-1.16%;9.15%;7.62%;-6.72%;2.04%;6.07%;5.78%;7.20%;7.58%;-8.55%;-8.62%;-5.39%;3.86%;-2.16%;-7.78%;6.62%;12.46%;5.21%;-0.01%;-0.25%;-9.19%;1.15%;-6.78%;-6.90%;1.17%;-4.26%;9.03%;-0.14%;11.01%;5.63%;5.41%;-6.80%;21.89%;1.60%;-5.22%;-4.07%;-1.56%;9.72%;4.01%;5.74%;-6.83%;3.77%;8.20%
31.07.2009;19.85%;12.50%;21.77%;3.82%;16.29%;7.01%;12.08%;9.89%;22.14%;7.11%;10.95%;23.81%;2.77%;9.53%;5.17%;3.74%;32.43%;6.20%;13.69%;6.31%;12.10%;5.44%;-1.93%;3.08%;11.02%;58.04%;-8.52%;23.12%;8.05%;44.55%;11.97%;0.86%;42.86%;5.99%;25.27%;4.94%;28.91%;5.53%;23.96%;2.81%;6.58%;19.71%;14.86%;10.15%;0.52%;5.88%;8.46%;5.65%;-3.77%;8.59%
31.08.2009;-2.06%;-4.29%;7.28%;6.05%;0.57%;0.97%;14.51%;6.49%;5.36%;3.62%;-0.33%;15.69%;1.70%;0.92%;2.10%;3.36%;5.02%;14.76%;-2.94%;9.53%;9.32%;9.49%;11.48%;12.04%;-2.57%;26.72%;0.68%;19.18%;12.28%;-2.84%;-2.27%;0.15%;0.67%;4.67%;0.72%;6.04%;1.05%;-0.74%;4.73%;4.47%;4.32%;1.93%;4.69%;5.38%;10.28%;-2.63%;0.28%;15.59%;3.59%;-3.15%
30.09.2009;0.12%;1.87%;5.91%;-6.28%;3.39%;0.15%;8.19%;1.04%;-0.75%;0.89%;8.81%;-14.66%;12.87%;1.03%;3.36%;0.50%;2.64%;6.65%;20.77%;2.66%;-1.61%;1.91%;3.28%;-0.74%;5.70%;2.42%;14.62%;2.64%;3.07%;-4.86%;-0.52%;5.54%;-6.21%;-0.28%;6.05%;-4.40%;2.50%;7.59%;-6.13%;2.10%;0.22%;4.29%;12.11%;8.59%;6.75%;6.00%;4.68%;17.27%;-3.22%;-0.45%
31.10.2009;4.02%;3.08%;-2.92%;-2.32%;-0.01%;-4.74%;-6.58%;-0.91%;-3.91%;-0.75%;-5.79%;-3.94%;-2.79%;6.79%;-0.64%;-4.37%;-1.09%;-4.31%;-3.31%;-5.34%;-2.83%;-6.22%;-18.91%;-9.55%;1.72%;-12.74%;-6.44%;-8.03%;-2.90%;-10.19%;-13.18%;-14.59%;-11.88%;-4.57%;-3.06%;-7.27%;-3.87%;-0.84%;5.09%;-0.53%;-20.17%;6.84%;-9.51%;-14.87%;-2.14%;-4.08%;-1.17%;-1.00%;-4.12%;0.25%
30.11.2009;6.28%;2.29%;10.94%;6.78%;7.52%;0.91%;10.22%;0.63%;4.27%;7.07%;19.56%;-6.20%;8.49%;8.46%;5.48%;7.01%;14.49%;6.08%;12.96%;-0.46%;8.96%;7.09%;0.26%;-2.10%;4.65%;41.43%;5.99%;-3.82%;7.64%;-4.09%;-1.51%;6.42%;-7.76%;13.84%;5.32%;-3.75%;6.20%;3.12%;-1.04%;12.04%;-1.62%;7.38%;5.85%;5.32%;2.55%;-1.71%;-1.65%;5.36%;-2.83%;3.80%
31.12.2009;3.50%;2.06%;1.10%;7.53%;-2.26%;7.56%;0.12%;2.81%;2.50%;11.02%;13.82%;5.73%;2.41%;8.67%;7.35%;2.13%;0.19%;4.88%;-8.71%;9.24%;5.28%;1.07%;-4.46%;0.20%;5.12%;9.35%;1.61%;8.59%;3.80%;15.86%;5.87%;9.99%;6.30%;4.24%;-0.60%;20.32%;8.74%;0.62%;17.80%;5.20%;5.41%;6.04%;21.10%;9.18%;-10.68%;8.90%;8.62%;-2.34%;1.09%;2.63%
31.01.2010;-1.87%;-4.28%;4.71%;-7.26%;-5.78%;-1.35%;-2.59%;2.13%;-1.53%;-3.13%;-7.35%;8.86%;3.05%;-2.37%;-3.72%;-3.35%;-5.46%;-3.57%;-4.36%;-6.09%;-4.02%;2.16%;31.59%;3.93%;-9.41%;17.23%;-4.99%;-1.21%;-2.82%;-13.00%;-3.02%;-11.86%;-3.77%;-2.08%;0.24%;0.71%;2.68%;-4.37%;-3.27%;-2.72%;-1.49%;0.17%;-12.95%;-16.10%;-7.66%;2.07%;-6.05%;-10.91%;-2.06%;-0.26%
28.02.2010;6.88%;-2.04%;2.11%;-3.29%;-9.72%;-1.15%;4.72%;1.89%;25.73%;0.66%;13.51%;4.83%;5.55%;3.28%;-2.26%;-2.07%;5.34%;7.79%;5.08%;-11.39%;7.11%;3.92%;0.42%;14.47%;10.27%;-0.19%;15.72%;2.48%;12.13%;24.56%;5.48%;1.47%;8.82%;3.13%;4.87%;3.64%;12.13%;10.91%;3.28%;-0.65%;4.73%;11.71%;6.96%;-1.77%;3.66%;7.98%;-0.58%;-2.80%;-4.66%;11.43%
31.03.2010;16.04%;-1.08%;10.43%;5.53%;7.82%;2.22%;11.05%;7.50%;9.43%;2.23%;-2.96%;2.23%;3.88%;2.71%;5.63%;4.71%;6.93%;4.70%;11.16%;2.41%;5.57%;15.07%;12.05%;7.47%;6.76%;30.67%;1.51%;21.91%;-0.30%;5.42%;3.69%;9.60%;13.30%;3.62%;7.20%;9.56%;4.80%;4.32%;3.37%;1.55%;0.50%;0.27%;11.80%;9.42%;2.59%;2.49%;5.29%;15.21%;7.26%;-0.12%
30.04.2010;-1.80%;-3.33%;-6.14%;1.03%;4.51%;-18.48%;5.21%;-0.30%;16.58%;5.16%;0.02%;16.58%;11.69%;9.26%;1.47%;1.52%;5.83%;19.00%;2.51%;-3.13%;7.26%;0.33%;25.64%;-3.57%;1.50%;-3.53%;2.55%;-0.37%;6.71%;17.20%;-0.01%;0.65%;9.01%;-1.04%;7.59%;-10.03%;7.73%;5.49%;11.16%;1.33%;-3.62%;8.87%;9.48%;21.24%;9.92%;0.31%;3.53%;7.87%;12.38%;3.43%
31.05.2010;-9.38%;-9.57%;-13.08%;-5.02%;-10.06%;-10.58%;-2.77%;-4.41%;-5.89%;-9.73%;-5.23%;-17.03%;-14.05%;-5.53%;-5.78%;-5.86%;-9.77%;-0.57%;-9.54%;-7.03%;-4.78%;-3.76%;-8.89%;-16.68%;-8.71%;-4.10%;-6.18%;-13.48%;0.01%;-11.90%;-7.59%;-5.02%;-2.21%;-4.66%;-8.96%;-7.64%;-12.02%;-4.77%;-8.27%;-9.59%;-12.26%;-10.24%;-10.23%;-11.88%;6.63%;-2.26%;-8.33%;-12.44%;-2.69%;-4.98%
30.06.2010;3.36%;2.73%;-3.10%;-3.62%;-6.16%;-3.78%;-6.97%;-4.86%;-3.96%;0.72%;7.94%;-19.15%;-6.36%;0.21%;2.56%;-1.99%;-11.65%;-7.32%;-1.23%;1.55%;-4.66%;-3.93%;-10.07%;-6.52%;-6.46%;-14.13%;-5.08%;-8.21%;-5.79%;-18.53%;-8.10%;-11.09%;-8.18%;3.55%;-4.96%;-6.40%;-7.70%;-3.56%;-6.84%;9.79%;-11.41%;-8.93%;-11.21%;-12.74%;-22.22%;-2.29%;0.94%;-5.46%;-1.98%;-4.52%
31.07.2010;13.46%;5.95%;15.27%;8.45%;12.79%;8.45%;15.55%;7.99%;22.22%;8.66%;-2.35%;12.10%;14.78%;2.32%;7.00%;5.52%;18.28%;8.82%;11.95%;7.00%;12.25%;7.50%;9.56%;1.50%;12.59%;17.61%;8.62%;7.19%;9.72%;6.92%;1.20%;3.14%;0.95%;4.75%;14.99%;6.91%;10.30%;11.68%;9.18%;2.00%;15.10%;14.84%;10.35%;3.21%;13.88%;5.55%;7.24%;11.57%;4.59%;5.67%
31.08.2010;-5.74%;12.60%;-3.95%;10.63%;1.99%;-2.80%;-0.62%;-3.20%;-6.54%;9.91%;3.88%;-6.91%;-6.70%;1.48%;3.05%;1.80%;-1.75%;0.62%;-1.94%;-3.11%;1.40%;-7.02%;-12.55%;0.27%;-6.93%;-3.93%;-7.42%;-10.23%;1.15%;-9.45%;-1.84%;-6.04%;-16.64%;6.01%;-5.25%;-14.31%;-5.57%;-6.92%;-7.71%;-4.81%;-9.88%;-7.56%;-16.55%;-18.75%;-19.03%;-6.24%;-2.42%;-9.30%;-4.91%;-7.62%
30.09.2010;12.73%;4.11%;10.07%;1.17%;11.86%;12.12%;2.10%;8.05%;22.11%;3.93%;14.57%;8.76%;17.36%;-1.97%;2.73%;1.89%;20.22%;3.46%;10.64%;7.02%;2.98%;7.67%;7.35%;12.90%;19.19%;27.81%;5.94%;2.34%;3.20%;20.28%;4.56%;3.85%;9.46%;3.55%;11.45%;21.16%;21.51%;12.21%;13.60%;4.21%;7.34%;14.23%;24.04%;1.08%;22.16%;14.62%;4.57%;14.83%;6.44%;6.34%
31.10.2010;-3.22%;4.38%;8.07%;3.42%;3.19%;7.44%;4.30%;3.59%;-2.75%;1.99%;6.74%;-6.22%;1.69%;2.99%;3.10%;8.27%;6.89%;4.20%;8.19%;-5.77%;1.20%;8.10%;-0.37%;0.11%;1.60%;4.18%;3.59%;2.33%;4.71%;7.57%;3.48%;1.01%;0.34%;-0.28%;5.35%;4.26%;1.03%;6.51%;9.64%;6.19%;10.91%;1.76%;0.89%;-1.12%;5.22%;11.41%;0.67%;-2.08%;10.39%;1.39%
30.11.2010;5.89%;-13.01%;-7.86%;-0.91%;1.46%;-4.68%;-2.78%;2.37%;10.23%;-2.24%;8.42%;-3.75%;3.21%;-4.74%;-2.73%;0.10%;-0.98%;-1.89%;1.00%;-3.34%;-5.61%;0.32%;3.17%;2.30%;4.27%;-12.92%;1.52%;-2.42%;1.58%;-8.38%;1.34%;-1.27%;5.20%;-0.56%;1.63%;2.24%;6.00%;4.43%;3.77%;-1.61%;3.44%;-3.95%;5.51%;9.88%;3.74%;3.71%;2.10%;3.26%;2.59%;-0.92%
31.12.2010;-3.38%;4.27%;10.17%;-1.86%;5.48%;4.25%;2.73%;5.10%;13.59%;4.68%;5.30%;19.25%;7.15%;1.72%;3.71%;4.48%;8.05%;3.04%;6.00%;7.03%;0.69%;3.94%;17.63%;14.75%;4.39%;14.12%;12.17%;16.45%;3.44%;8.02%;10.15%;16.10%;7.01%;2.54%;8.58%;10.91%;9.03%;5.54%;7.55%;4.43%;7.26%;12.32%;18.37%;11.33%;10.83%;10.00%;4.91%;13.37%;5.05%;6.04%
31.01.2011;12.41%;8.60%;2.03%;1.97%;-3.56%;-3.61%;10.23%;2.38%;-3.76%;4.83%;1.76%;3.85%;9.66%;3.34%;0.68%;-5.25%;11.07%;2.47%;7.50%;5.66%;4.09%;4.28%;5.54%;5.83%;1.37%;-11.00%;0.46%;3.69%;0.40%;-2.14%;-5.70%;5.62%;8.15%;-1.80%;0.24%;2.47%;12.96%;1.64%;0.08%;-5.33%;0.83%;9.30%;18.79%;-4.07%;1.70%;-3.86%;4.48%;-0.60%;3.42%;-0.31%
28.02.2011;-5.33%;13.79%;2.21%;-1.46%;5.43%;9.60%;1.63%;6.26%;-4.51%;-1.24%;7.86%;-4.45%;0.22%;1.76%;0.13%;2.31%;0.58%;6.70%;4.04%;-2.11%;4.65%;5.00%;-5.53%;1.30%;4.38%;-7.20%;1.48%;10.16%;2.95%;4.60%;-0.80%;4.46%;2.37%;5.03%;4.85%;1.71%;8.29%;8.44%;1.40%;10.74%;-4.29%;4.32%;11.68%;7.72%;28.76%;3.31%;3.73%;-5.17%;5.91%;9.63%
31.03.2011;9.74%;-2.73%;-9.86%;0.38%;-1.99%;1.16%;-1.13%;-3.71%;8.65%;3.07%;12.33%;-1.31%;2.75%;3.98%;2.70%;-1.44%;6.32%;0.17%;0.07%;-0.46%;-3.12%;1.88%;-2.93%;10.00%;5.83%;15.85%;9.49%;-5.31%;-1.20%;5.22%;-1.60%;-4.06%;-3.42%;1.32%;8.39%;-3.66%;8.32%;2.76%;5.12%;4.42%;0.48%;1.56%;-4.41%;0.01%;-4.37%;3.83%;1.83%;5.77%;-1.31%;5.66%
30.04.2011;-0.83%;2.80%;6.46%;5.88%;6.61%;6.44%;10.80%;-2.18%;9.63%;0.81%;7.85%;6.78%;3.50%;4.43%;2.76%;8.28%;8.53%;10.20%;4.47%;7.81%;8.25%;0.91%;2.41%;-0.81%;7.49%;16.59%;4.98%;3.96%;4.13%;-1.82%;-0.95%;2.85%;26.16%;1.40%;-0.57%;-0.88%;-7.95%;0.03%;2.85%;5.15%;4.01%;-5.16%;-9.60%;-0.88%;5.27%;3.30%;2.32%;-0.52%;0.19%;3.96%
31.05.2011;-5.38%;-12.45%;-14.95%;1.36%;-0.45%;4.60%;3.65%;-3.98%;-12.43%;0.71%;0.01%;-2.09%;-1.19%;2.16%;1.80%;0.23%;-1.31%;1.57%;1.33%;11.66%;0.05%;-0.93%;-2.80%;-2.36%;-2.99%;-4.06%;-3.84%;-5.87%;3.57%;10.79%;-2.40%;-9.84%;-0.07%;5.59%;-6.31%;-9.10%;-4.61%;-3.37%;-2.35%;5.61%;-1.68%;1.69%;-0.56%;-10.42%;1.30%;-4.05%;-4.41%;1.44%;2.09%;1.96%
30.06.2011;2.00%;-6.51%;-1.78%;-2.93%;0.52%;0.29%;-2.02%;-4.08%;-1.42%;-0.20%;5.78%;-5.11%;1.29%;-3.10%;1.46%;-1.55%;-3.57%;-1.69%;-7.47%;0.26%;-2.76%;-3.01%;-0.61%;-6.19%;1.12%;6.82%;2.99%;-2.93%;-1.58%;-9.82%;-5.80%;-2.65%;-0.96%;-1.50%;3.01%;-1.46%;4.83%;-0.20%;4.15%;-3.02%;-1.49%;-1.93%;-7.56%;-4.24%;-6.77%;1.65%;0.71%;-8.21%;-2.46%;-3.19%
31.07.2011;-1.96%;0.76%;-1.33%;1.27%;-6.60%;-2.02%;1.62%;-5.02%;1.34%;-2.79%;-3.47%;3.12%;-10.81%;0.84%;-1.20%;-0.94%;-4.92%;4.56%;-10.00%;1.13%;3.34%;-5.54%;-7.63%;-7.93%;-9.53%;-7.92%;-3.93%;-6.98%;4.92%;-13.27%;-1.72%;-4.78%;-10.26%;-5.00%;-7.26%;1.29%;-17.29%;-2.00%;-8.99%;1.94%;-7.65%;-8.72%;-8.85%;-11.00%;-11.71%;-6.33%;0.54%;-18.33%;-15.00%;-0.49%
31.08.2011;-4.92%;-6.26%;-18.12%;4.99%;-7.74%;-3.77%;-2.87%;2.15%;-11.41%;2.92%;-1.57%;-11.46%;-4.89%;1.43%;6.85%;-2.32%;-14.36%;2.26%;-4.56%;-0.91%;3.67%;-5.41%;-17.03%;-10.40%;-10.04%;-7.87%;-10.92%;-21.57%;1.87%;-4.78%;-14.44%;-7.24%;-3.08%;5.74%;-9.05%;-12.65%;-10.64%;-5.62%;-6.96%;-7.49%;-14.36%;-5.77%;-10.31%;2.15%;-2.01%;9.52%;0.32%;-7.74%;-3.68%;7.92%
30.09.2011;-18.48%;-12.39%;-6.59%;-1.62%;-6.72%;0.29%;-14.57%;-5.69%;-11.73%;1.58%;5.15%;-13.73%;-18.51%;-3.05%;2.59%;2.85%;-17.16%;-16.38%;1.54%;2.77%;-8.99%;-8.77%;-4.38%;-8.59%;-16.19%;-13.07%;-10.13%;-24.67%;-15.75%;-13.40%;-8.95%;-12.31%;1.57%;-2.94%;-7.06%;-10.72%;-12.04%;-10.45%;-15.54%;1.79%;-9.46%;-20.25%;-9.01%;-20.70%;-3.78%;-10.18%;-2.19%;-13.84%;-14.94%;1.95%
31.10.2011;16.02%;16.65%;29.01%;8.50%;13.63%;-1.50%;11.70%;11.53%;21.76%;5.20%;-12.44%;23.12%;19.16%;7.58%;1.49%;7.05%;15.50%;19.93%;11.75%;0.11%;8.58%;17.41%;8.78%;5.98%;13.77%;-1.43%;17.14%;21.88%;3.62%;22.70%;16.60%;20.72%;11.61%;6.15%;22.29%;24.55%;20.80%;17.69%;20.88%;5.67%;26.30%;30.04%;30.06%;13.53%;24.06%;16.41%;5.76%;7.00%;24.04%;-0.05%
30.11.2011;6.11%;4.08%;-3.66%;6.05%;-2.77%;-6.04%;-3.65%;2.45%;-3.12%;0.48%;-11.60%;7.01%;-1.01%;1.04%;2.68%;-3.18%;0.84%;-6.94%;-6.23%;-1.09%;-0.37%;4.42%;1.35%;9.24%;3.38%;0.00%;8.06%;6.28%;-7.15%;3.63%;-7.02%;4.37%;4.38%;5.19%;1.55%;0.23%;10.91%;5.21%;-4.42%;-1.35%;-1.83%;2.47%;-6.01%;3.68%;-11.60%;1.93%;-0.32%;-1.47%;-5.17%;0.16%
31.12.2011;2.19%;-4.49%;0.32%;-2.01%;1.72%;-4.22%;4.42%;2.73%;-8.25%;6.65%;15.12%;6.23%;6.27%;3.42%;5.45%;5.32%;-1.41%;5.77%;-6.09%;0.83%;2.62%;1.88%;4.57%;-0.57%;1.78%;9.01%;-1.12%;-3.77%;9.12%;9.70%;5.39%;0.36%;-0.82%;1.62%;-4.24%;8.03%;-1.65%;1.97%;-0.72%;3.51%;1.66%;3.99%;1.26%;21.34%;-2.87%;0.41%;-1.52%;9.42%;8.49%;3.82%
31.01.2012;5.88%;0.10%;11.49%;-3.31%;4.04%;12.86%;5.04%;8.75%;18.15%;-1.13%;2.30%;10.39%;9.23%;-1.15%;-4.95%;-0.09%;29.74%;3.24%;1.19%;-4.70%;4.88%;5.25%;5.01%;16.45%;9.19%;17.92%;13.31%;10.92%;2.19%;2.19%;4.54%;13.46%;12.99%;-1.91%;7.29%;-2.71%;6.13%;7.51%;11.64%;0.78%;-2.37%;3.82%;19.96%;11.46%;15.13%;-3.74%;-2.82%;-4.45%;0.66%;-0.85%
29.02.2012;6.72%;8.98%;-2.03%;1.36%;2.51%;4.78%;-2.40%;7.62%;15.93%;-1.92%;10.22%;3.02%;0.96%;1.47%;-1.46%;2.02%;7.57%;-2.78%;-1.04%;4.90%;0.94%;6.36%;2.27%;1.67%;3.61%;-4.18%;0.27%;15.78%;-1.36%;3.84%;7.87%;-2.16%;7.03%;0.61%;1.86%;2.67%;2.71%;-1.85%;8.18%;-4.39%;7.78%;9.43%;0.43%;1.60%;-0.96%;-5.28%;-5.18%;12.34%;4.11%;5.22%
31.03.2012;-0.47%;2.05%;-2.00%;1.59%;1.73%;2.84%;3.39%;-1.88%;-0.12%;3.89%;2.81%;6.07%;-1.21%;1.93%;1.59%;1.53%;-4.51%;8.23%;13.66%;4.24%;1.51%;2.91%;10.26%;3.96%;0.79%;13.80%;6.45%;6.12%;7.47%;4.72%;6.85%;-1.33%;2.80%;1.85%;5.65%;7.13%;0.18%;8.35%;0.29%;8.68%;7.74%;0.21%;2.86%;-4.09%;-0.39%;5.43%;3.49%;-1.21%;0.63%;3.56%
30.04.2012;5.90%;-2.62%;-2.07%;1.92%;-6.22%;-6.77%;3.65%;4.49%;-3.51%;4.50%;7.91%;7.78%;-0.44%;3.56%;1.76%;4.31%;4.94%;5.04%;5.88%;2.70%;4.74%;-2.29%;4.39%;-11.28%;2.80%;17.41%;1.73%;-6.03%;1.55%;0.77%;0.88%;-7.93%;-0.97%;0.94%;9.85%;-1.65%;-2.96%;2.76%;2.57%;-2.13%;2.12%;-4.42%;1.89%;0.19%;-8.32%;-0.14%;3.56%;7.10%;13.41%;3.27%
31.05.2012;-2.71%;3.40%;-11.02%;-1.47%;-7.55%;-8.65%;-4.92%;1.20%;-16.31%;1.34%;-3.40%;1.52%;-9.75%;0.79%;1.52%;2.15%;-13.74%;-4.76%;0.53%;-0.07%;-2.37%;-3.93%;-2.25%;-12.35%;-7.84%;-5.97%;3.28%;-16.31%;0.00%;1.60%;-9.22%;-8.81%;0.15%;3.24%;-1.72%;-4.64%;-6.26%;-0.53%;-3.26%;-3.87%;-10.85%;-9.46%;-16.05%;-19.07%;-18.37%;-0.06%;1.71%;-8.98%;-5.09%;4.79%
30.06.2012;5.91%;-6.91%;7.08%;3.81%;2.14%;5.00%;5.29%;5.52%;0.35%;1.91%;-6.36%;10.97%;-4.70%;4.40%;4.08%;2.76%;8.18%;2.30%;-11.59%;6.37%;5.91%;8.34%;-2.14%;7.64%;-1.89%;6.52%;4.58%;5.81%;1.26%;2.54%;6.58%;5.98%;9.93%;4.78%;3.16%;1.05%;-8.39%;-2.61%;3.46%;-0.73%;8.32%;-2.85%;-2.70%;14.60%;-17.88%;5.72%;6.94%;-6.08%;6.86%;4.66%
31.07.2012;1.08%;-11.62%;2.79%;3.24%;0.46%;10.82%;2.88%;0.50%;-1.04%;4.94%;-5.64%;-4.08%;1.60%;4.46%;3.71%;0.68%;4.36%;2.98%;0.02%;2.09%;5.10%;-1.58%;-2.17%;2.66%;-2.13%;10.09%;-7.68%;-8.32%;1.45%;-4.87%;-0.63%;4.47%;-8.90%;3.48%;3.15%;-5.46%;1.97%;0.88%;8.88%;1.69%;-9.04%;4.60%;4.62%;-2.41%;-7.19%;5.41%;2.22%;13.71%;-7.44%;3.86%
31.08.2012;11.14%;2.52%;5.47%;-4.37%;2.66%;0.28%;1.10%;2.16%;1.25%;-6.46%;11.45%;7.70%;6.12%;-4.85%;-6.03%;-5.19%;5.69%;-3.43%;-0.75%;-12.99%;-0.70%;3.17%;5.94%;5.98%;5.05%;-19.94%;-4.70%;16.24%;-0.83%;8.45%;2.28%;-3.96%;6.85%;-3.13%;0.50%;-2.64%;6.97%;3.50%;2.41%;10.63%;3.01%;-1.67%;6.18%;0.45%;16.73%;-1.28%;-2.55%;1.42%;3.95%;-4.99%
30.09.2012;5.16%;2.29%;4.42%;-0.16%;0.14%;2.70%;-1.37%;-2.05%;-4.59%;3.07%;12.64%;8.86%;3.52%;2.63%;-0.27%;4.33%;3.16%;-2.47%;4.84%;2.04%;-2.43%;0.32%;4.69%;3.00%;4.78%;-9.81%;-0.52%;4.17%;-3.97%;11.05%;-0.05%;1.61%;6.00%;2.77%;4.93%;1.78%;-2.84%;6.90%;4.04%;2.28%;0.86%;15.91%;-8.97%;21.55%;1.84%;0.80%;3.42%;2.77%;-0.33%;-0.93%
31.10.2012;5.60%;-1.26%;3.96%;1.86%;-5.53%;4.71%;-3.43%;6.28%;1.48%;3.26%;1.60%;1.59%;-2.14%;4.69%;0.81%;3.42%;4.38%;1.93%;-6.10%;3.66%;3.09%;-1.49%;-6.72%;1.97%;1.81%;-11.59%;12.79%;2.47%;-0.93%;4.30%;3.63%;5.88%;1.14%;0.31%;1.94%;0.97%;2.16%;-0.67%;7.59%;-0.81%;6.82%;-8.44%;2.80%;-2.82%;6.79%;-3.09%;0.49%;1.75%;-2.00%;-5.99%
30.11.2012;3.92%;-0.53%;6.44%;-8.86%;6.97%;5.80%;-3.46%;1.70%;4.88%;1.45%;-1.09%;-7.17%;9.21%;-2.46%;-7.61%;-3.08%;2.71%;-6.35%;2.02%;-7.14%;-3.52%;3.06%;-3.60%;-7.48%;6.21%;10.27%;1.27%;-0.05%;-2.70%;3.01%;0.45%;2.61%;-0.41%;-1.85%;6.13%;5.08%;11.50%;2.28%;2.72%;3.28%;-0.30%;3.76%;6.97%;14.93%;10.93%;0.43%;-2.68%;3.29%;5.04%;6.67%
31.12.2012;0.18%;3.29%;0.95%;2.49%;1.29%;0.58%;3.09%;-3.37%;10.93%;-0.21%;-2.60%;1.83%;3.90%;-0.88%;0.62%;-0.65%;11.82%;4.37%;-4.38%;-0.43%;-0.03%;-0.63%;3.56%;4.86%;3.50%;-5.63%;0.66%;4.85%;3.89%;5.20%;4.45%;4.80%;1.41%;-0.94%;9.43%;13.22%;6.63%;-0.05%;-0.07%;-1.93%;5.77%;2.85%;7.98%;-1.48%;-11.00%;-2.38%;1.33%;4.38%;-4.82%;-0.62%
31.01.2013;9.85%;4.16%;-0.11%;7.04%;4.85%;2.48%;0.12%;9.50%;5.98%;5.41%;9.59%;20.56%;5.28%;6.52%;2.41%;7.45%;5.05%;5.65%;5.06%;-3.04%;2.47%;7.82%;9.63%;19.14%;7.22%;10.66%;12.96%;11.89%;0.96%;12.37%;3.28%;7.51%;8.27%;4.71%;1.86%;10.75%;6.19%;5.51%;2.57%;2.77%;19.00%;4.60%;-4.32%;8.66%;10.54%;12.16%;6.38%;11.18%;7.38%;7.88%
28.02.2013;3.54%;11.67%;-5.86%;4.16%;-1.25%;-0.35%;-1.33%;6.06%;0.91%;3.54%;4.68%;-5.75%;6.03%;5.51%;3.73%;-0.33%;-2.00%;-3.11%;5.16%;-2.49%;0.34%;1.16%;1.01%;-8.47%;2.51%;20.95%;3.55%;2.37%;7.36%;4.29%;3.32%;-2.09%;-0.22%;5.87%;-2.33%;0.88%;1.29%;6.10%;-0.93%;7.53%;1.69%;2.43%;3.71%;-9.95%;20.30%;-0.85%;2.17%;6.08%;10.09%;7.22%
31.03.2013;2.85%;6.51%;4.89%;3.64%;0.90%;7.46%;-2.71%;4.91%;0.37%;6.04%;1.72%;8.97%;-0.15%;2.31%;4.57%;4.77%;0.20%;1.07%;-4.52%;8.38%;1.72%;6.42%;4.84%;3.57%;4.89%;5.31%;6.92%;10.39%;-0.55%;6.70%;2.58%;2.44%;4.99%;3.49%;-0.10%;6.05%;-3.92%;2.17%;3.54%;4.65%;4.42%;2.88%;-3.22%;1.53%;10.31%;0.52%;12.87%;5.43%;6.80%;4.80%
30.04.2013;2.53%;0.62%;4.65%;4.75%;0.63%;-3.19%;8.98%;4.48%;-8.13%;7.16%;2.34%;7.33%;-5.35%;7.64%;4.29%;7.63%;-4.22%;5.15%;1.59%;10.43%;9.05%;3.80%;-2.19%;-9.87%;-2.60%;-5.38%;-4.58%;4.29%;-0.48%;-1.98%;-0.62%;-4.72%;2.47%;5.20%;9.86%;-12.55%;-1.82%;-6.02%;4.23%;4.10%;-0.62%;-7.03%;1.36%;-3.52%;-5.51%;-0.94%;3.94%;-3.12%;-3.28%;-1.14%
31.05.2013;4.27%;-5.04%;2.30%;-6.10%;8.57%;0.66%;-2.60%;-3.21%;12.44%;-9.99%;2.36%;-6.60%;13.44%;-8.60%;-10.34%;-14.61%;7.61%;0.06%;4.38%;-16.29%;-7.91%;4.23%;8.09%;1.87%;6.28%;0.09%;3.64%;5.25%;-0.12%;0.26%;7.84%;2.04%;4.96%;-6.42%;4.40%;5.91%;3.82%;3.96%;5.67%;-2.20%;13.19%;5.89%;9.12%;7.42%;9.04%;3.87%;-4.85%;4.95%;4.44%;-4.82%
30.06.2013;-7.45%;5.80%;5.03%;1.18%;-3.01%;-1.51%;-1.04%;-3.00%;-8.95%;1.68%;5.34%;-12.64%;-0.31%;0.60%;3.20%;4.83%;-2.38%;1.13%;4.19%;-3.12%;-3.78%;0.98%;1.55%;-6.99%;-2.25%;-0.77%;-1.73%;2.27%;-0.29%;1.19%;-0.43%;-2.67%;2.24%;-1.79%;-4.31%;-3.97%;-4.99%;0.00%;-1.47%;2.68%;-1.47%;-2.42%;-2.06%;-9.63%;-10.04%;2.91%;-1.98%;-1.70%;-0.09%;1.93%
31.07.2013;13.89%;7.55%;6.13%;5.18%;19.52%;6.19%;2.05%;7.68%;11.74%;3.02%;6.97%;-5.55%;10.28%;6.56%;2.73%;4.27%;15.38%;2.28%;7.10%;1.96%;2.30%;9.12%;9.36%;17.62%;10.85%;6.41%;3.72%;14.26%;-0.32%;5.78%;1.65%;8.90%;0.71%;6.18%;9.58%;12.07%;16.49%;1.40%;6.12%;9.08%;7.27%;10.15%;-6.15%;-2.54%;17.23%;-1.54%;7.74%;5.31%;2.33%;3.22%
31.08.2013;2.07%;-3.45%;-6.31%;-5.59%;-5.98%;-4.76%;-4.16%;-6.79%;1.66%;-4.36%;2.58%;-11.19%;-0.69%;-5.42%;-6.13%;-7.94%;-5.51%;-11.15%;-6.26%;-1.58%;-7.61%;-2.83%;-3.63%;-5.99%;-0.07%;44.77%;-3.72%;1.20%;-7.77%;-1.26%;-6.27%;-2.76%;-1.31%;-7.01%;-2.64%;-5.29%;0.39%;-1.67%;-1.32%;-5.67%;-4.23%;0.76%;-6.91%;1.31%;4.62%;-2.94%;-8.79%;-4.40%;-5.61%;-6.83%
30.09.2013;7.49%;5.18%;7.89%;3.05%;4.34%;-5.56%;4.29%;3.24%;8.40%;-0.79%;-0.70%;8.85%;6.09%;-1.33%;-0.93%;0.37%;2.50%;3.06%;6.95%;-1.30%;4.25%;5.02%;0.24%;-3.23%;9.90%;12.57%;1.29%;-0.12%;1.36%;10.86%;-0.89%;7.76%;8.02%;0.87%;7.35%;11.14%;10.57%;7.41%;6.72%;-0.53%;-1.45%;6.23%;7.62%;8.41%;-1.03%;7.49%;6.45%;2.46%;3.36%;1.64%
31.10.2013;14.27%;11.02%;4.82%;5.11%;2.96%;0.99%;-2.58%;7.09%;-4.40%;4.33%;-0.37%;-2.47%;2.18%;5.83%;5.59%;7.23%;1.53%;9.89%;-0.15%;3.90%;2.88%;0.70%;7.17%;8.38%;5.98%;2.23%;2.88%;8.14%;6.24%;1.67%;4.34%;6.39%;-3.01%;2.36%;9.29%;-1.28%;3.24%;-4.56%;4.59%;5.87%;6.99%;-12.17%;5.87%;3.36%;-1.43%;4.26%;3.94%;8.27%;-0.53%;8.49%
30.11.2013;5.09%;-1.59%;2.14%;-0.91%;-0.17%;3.92%;-3.87%;4.72%;4.20%;-2.46%;1.96%;4.91%;-1.14%;-3.47%;-5.17%;-5.75%;-2.23%;-5.71%;3.73%;-13.84%;-0.08%;4.56%;4.20%;0.04%;3.53%;19.49%;0.21%;13.36%;-8.24%;5.74%;4.56%;-1.37%;3.05%;-3.82%;0.81%;0.26%;2.87%;2.41%;2.00%;-6.27%;3.62%;2.91%;-2.63%;5.27%;-8.65%;1.77%;0.41%;3.78%;-0.67%;0.15%
31.12.2013;-0.39%;8.33%;1.20%;0.86%;2.71%;1.61%;0.88%;-0.08%;7.01%;0.87%;-6.00%;12.27%;6.83%;-0.52%;1.19%;0.19%;4.76%;-5.47%;-3.62%;2.55%;-2.04%;2.83%;5.23%;-0.18%;3.53%;8.65%;3.02%;0.56%;0.83%;6.34%;4.92%;4.54%;4.12%;-0.82%;3.39%;9.16%;4.57%;6.92%;3.61%;-0.06%;1.07%;-0.86%;3.46%;5.43%;6.17%;8.40%;3.02%;2.64%;-0.73%;2.02%
31.01.2014;-12.46%;-9.03%;-6.02%;5.81%;-5.35%;-1.08%;10.78%;-6.72%;-9.92%;3.81%;0.36%;5.20%;-10.34%;3.79%;-1.57%;4.82%;-2.94%;11.28%;-2.59%;-4.52%;8.32%;-3.63%;-5.51%;-4.43%;-2.49%;29.41%;-2.91%;-6.95%;6.26%;-4.51%;-2.18%;-8.79%;-6.81%;-0.55%;-3.85%;-0.50%;-2.81%;-1.04%;-8.56%;-6.98%;-8.45%;-3.47%;6.75%;3.89%;10.42%;-4.85%;5.70%;-1.25%;0.32%;-2.56%
28.02.2014;5.25%;2.84%;2.07%;6.79%;15.39%;1.76%;4.02%;-3.24%;14.92%;2.30%;3.19%;4.60%;8.94%;5.19%;3.01%;8.74%;12.15%;5.61%;-0.45%;-2.25%;2.12%;3.14%;5.07%;1.97%;4.58%;-1.92%;-4.24%;4.70%;6.04%;-0.46%;2.71%;3.91%;7.90%;6.91%;8.48%;-2.01%;6.97%;-1.04%;12.00%;3.76%;-1.91%;7.29%;7.82%;10.04%;3.08%;3.61%;-3.98%;1.12%;-4.41%;5.26%
31.03.2014;-7.10%;7.50%;-1.04%;1.95%;-1.88%;5.87%;1.87%;3.80%;2.55%;4.02%;7.14%;-11.70%;4.46%;3.53%;-3.15%;8.10%;-1.40%;1.67%;2.74%;11.86%;3.06%;1.54%;4.62%;-1.29%;-2.90%;-16.71%;0.34%;1.08%;0.93%;-3.92%;6.00%;0.60%;4.89%;-1.78%;-1.88%;2.93%;1.90%;-1.56%;1.58%;-2.17%;5.91%;-2.17%;-1.92%;-2.10%;10.93%;1.66%;3.08%;1.71%;2.52%;2.09%
30.04.2014;1.61%;0.78%;-0.51%;1.28%;-0.63%;-0.37%;2.87%;1.06%;1.25%;3.52%;-3.97%;2.91%;6.17%;6.16%;8.16%;0.58%;1.52%;2.63%;-1.22%;-0.82%;3.18%;1.27%;-7.64%;-2.37%;2.30%;-9.27%;5.81%;-4.26%;2.02%;-2.63%;-7.64%;3.15%;-3.45%;2.36%;0.08%;6.79%;-4.31%;4.07%;2.22%;-0.58%;-6.82%;6.36%;-11.16%;-2.89%;-7.07%;-0.53%;8.30%;-3.40%;-3.19%;-0.09%
31.05.2014;5.94%;2.77%;-2.38%;-4.74%;2.08%;2.23%;3.02%;0.62%;1.38%;-0.96%;-2.19%;6.28%;0.90%;-2.59%;-5.20%;-2.51%;1.25%;4.44%;0.60%;0.21%;1.68%;1.79%;1.20%;16.44%;3.24%;2.04%;2.05%;-0.81%;4.99%;2.45%;0.25%;-2.16%;-2.19%;-0.95%;4.13%;1.76%;1.59%;2.12%;1.09%;6.12%;1.10%;1.76%;0.74%;-5.52%;1.23%;1.96%;-1.84%;4.19%;1.38%;0.32%
30.06.2014;0.41%;-1.32%;2.28%;3.89%;7.21%;-2.84%;-2.07%;-2.00%;1.32%;4.71%;5.05%;3.98%;4.77%;2.30%;6.15%;5.39%;-1.03%;2.18%;12.67%;3.78%;1.17%;1.46%;2.91%;3.72%;5.29%;13.91%;-4.75%;7.26%;0.97%;1.98%;6.31%;-2.73%;-1.66%;5.44%;4.59%;5.15%;3.87%;3.06%;1.46%;4.47%;3.05%;0.48%;10.49%;4.65%;7.80%;-1.84%;7.38%;1.08%;2.07%;1.50%
31.07.2014;-5.81%;5.19%;-4.03%;-4.98%;3.21%;4.04%;1.63%;-3.33%;-9.66%;-7.13%;18.70%;-15.79%;-5.71%;-4.36%;-2.86%;-5.11%;-9.46%;3.25%;-0.12%;-10.11%;1.64%;-3.43%;3.48%;2.84%;-6.09%;-15.72%;4.72%;1.85%;-4.28%;-9.81%;4.74%;2.72%;-3.18%;-7.52%;-5.61%;1.91%;-10.79%;-1.33%;1.42%;-6.50%;5.19%;0.15%;-7.04%;-0.97%;0.63%;-5.63%;-9.51%;-7.24%;0.23%;-8.25%
31.08.2014;5.42%;7.46%;2.51%;4.01%;0.95%;0.39%;1.65%;4.50%;4.10%;6.52%;1.36%;4.73%;2.46%;6.00%;3.21%;7.92%;4.68%;2.05%;6.05%;9.71%;2.19%;3.43%;0.20%;-4.60%;1.84%;13.94%;-1.96%;5.38%;4.48%;17.03%;3.68%;8.16%;3.47%;7.55%;3.78%;3.21%;4.43%;4.65%;3.95%;2.97%;2.26%;4.63%;13.01%;0.40%;5.05%;5.09%;4.64%;1.95%;5.98%;6.33%
30.09.2014;-3.67%;2.98%;-4.29%;-4.15%;-2.27%;-4.28%;-4.66%;-2.16%;-8.55%;-2.88%;-4.47%;-5.06%;-8.17%;-2.77%;-1.03%;-5.44%;-1.92%;-7.60%;-4.32%;-0.81%;-5.06%;-4.00%;-1.12%;-2.17%;-5.94%;-9.50%;-1.99%;-2.65%;-9.22%;-7.67%;-1.90%;-0.07%;-4.46%;-4.06%;-4.11%;-2.06%;-5.28%;-2.84%;-2.76%;-2.91%;2.19%;-2.96%;-5.83%;-4.88%;-1.87%;-1.22%;-4.96%;-6.55%;-1.11%;3.30%
31.10.2014;12.84%;-8.02%;2.54%;11.57%;4.04%;-1.58%;10.12%;8.26%;10.76%;10.15%;5.23%;11.06%;-1.11%;8.96%;11.82%;12.62%;0.28%;13.69%;8.15%;11.23%;12.07%;1.13%;2.36%;7.64%;3.51%;36.72%;7.72%;2.20%;7.63%;5.36%;-2.08%;0.27%;10.72%;12.50%;3.53%;11.80%;2.25%;8.21%;9.13%;5.06%;2.93%;6.06%;-4.83%;2.46%;14.65%;8.85%;11.11%;4.93%;-0.90%;3.21%
30.11.2014;1.38%;12.09%;0.00%;1.82%;6.81%;4.08%;2.28%;0.95%;-0.38%;1.32%;3.05%;11.85%;-3.08%;-0.85%;-0.33%;1.57%;2.65%;0.32%;4.28%;-1.23%;0.65%;1.74%;2.02%;2.33%;2.97%;12.66%;3.46%;3.74%;5.39%;8.13%;2.16%;-0.80%;-0.49%;3.90%;7.43%;3.67%;2.72%;-0.16%;2.41%;-1.38%;1.68%;0.85%;7.88%;7.11%;4.57%;2.07%;1.32%;5.68%;1.42%;5.94%
31.12.2014;4.60%;-0.83%;2.95%;7.01%;0.28%;0.40%;-0.73%;1.73%;-0.46%;5.86%;-4.03%;-0.54%;-6.39%;6.03%;5.58%;3.02%;-8.51%;2.07%;2.98%;6.76%;0.60%;0.78%;4.06%;-0.22%;1.34%;-3.23%;2.34%;1.84%;1.38%;1.15%;-0.49%;-8.54%;7.18%;8.03%;5.98%;3.13%;-3.09%;-0.93%;1.44%;-0.94%;2.31%;1.74%;-0.30%;-0.47%;1.34%;2.40%;4.57%;4.79%;2.20%;3.17%
31.01.2015;5.32%;-10.33%;-6.56%;-0.90%;1.48%;-3.38%;12.12%;-1.70%;-3.27%;8.58%;-2.74%;-3.04%;-2.34%;4.69%;4.95%;4.72%;-6.06%;10.09%;2.02%;3.44%;8.41%;-7.35%;-4.18%;13.58%;-7.05%;9.03%;-5.51%;-13.33%;6.21%;6.23%;-2.52%;-10.33%;-1.94%;2.74%;-3.58%;-0.55%;-2.05%;-1.29%;-2.95%;2.15%;-8.56%;-1.99%;-8.26%;7.27%;6.03%;-0.15%;2.10%;1.47%;-6.26%;2.68%
28.02.2015;6.09%;2.68%;9.06%;-6.34%;7.23%;-1.65%;-1.00%;4.45%;1.99%;-6.89%;4.03%;11.38%;2.87%;-8.51%;-8.86%;-5.72%;5.04%;-1.60%;8.33%;-13.27%;-1.21%;6.35%;9.18%;6.62%;7.19%;7.70%;7.40%;15.75%;-7.76%;11.70%;6.81%;7.74%;11.19%;-7.92%;5.61%;6.72%;7.46%;8.75%;10.94%;11.83%;4.11%;5.01%;6.74%;17.71%;-10.87%;1.48%;-6.80%;2.45%;4.18%;5.22%
31.03.2015;4.50%;-0.41%;3.48%;-0.50%;-3.11%;-0.94%;2.23%;0.99%;-1.96%;0.14%;14.30%;4.54%;-3.55%;-1.63%;-2.42%;-2.77%;-6.98%;3.36%;2.60%;1.13%;3.65%;3.14%;1.01%;2.01%;-1.85%;6.77%;0.14%;-0.31%;6.62%;0.76%;-0.26%;1.06%;0.85%;-0.52%;-3.91%;-2.00%;-0.34%;2.64%;0.25%;0.90%;-1.24%;-3.03%;-2.14%;1.69%;-3.89%;10.99%;5.03%;-1.20%;3.39%;0.73%
30.04.2015;-2.68%;3.12%;-1.52%;-2.00%;-4.68%;1.13%;-5.38%;-4.12%;-0.27%;-2.81%;-4.99%;-10.81%;9.55%;-0.43%;0.90%;-1.79%;10.68%;-2.86%;-1.14%;2.42%;-8.64%;2.42%;-1.19%;2.15%;-1.08%;6.00%;2.11%;-1.69%;-3.44%;-6.59%;5.52%;3.62%;-6.68%;-4.00%;-1.76%;-8.38%;2.25%;-2.23%;1.69%;0.16%;5.31%;4.05%;-3.18%;1.45%;-6.91%;0.28%;-2.35%;5.76%;-3.50%;-4.98%
31.05.2015;12.03%;8.12%;-1.30%;-1.73%;2.32%;-3.10%;-1.72%;-0.12%;-1.96%;0.62%;2.08%;2.83%;-0.42%;-0.50%;0.47%;-0.21%;0.72%;0.30%;4.94%;-0.64%;0.60%;1.71%;2.49%;6.02%;3.43%;13.37%;-3.65%;1.28%;3.44%;7.57%;1.91%;-3.19%;2.14%;0.49%;3.31%;1.66%;3.62%;4.19%;3.91%;2.27%;1.05%;3.79%;15.89%;5.16%;15.49%;0.08%;0.04%;11.37%;1.72%;3.45%
30.06.2015;0.84%;-8.28%;0.58%;-6.34%;-6.77%;5.80%;-6.91%;-0.79%;-2.69%;-5.93%;-2.09%;5.01%;-6.44%;-5.79%;-5.40%;-8.60%;6.58%;-4.55%;-1.35%;-7.87%;-4.74%;2.02%;1.62%;6.40%;1.71%;-5.39%;-2.06%;3.88%;-4.69%;2.28%;2.56%;-6.83%;6.29%;-6.62%;0.57%;-1.20%;1.96%;-1.43%;2.82%;-8.05%;-1.19%;2.73%;-8.54%;-6.57%;0.73%;15.32%;-4.39%;-1.57%;1.45%;-2.99%
31.07.2015;-0.22%;-1.66%;2.97%;10.20%;4.75%;5.52%;2.39%;11.02%;-1.27%;7.60%;-0.55%;8.52%;-8.71%;8.80%;9.87%;8.78%;-3.69%;6.56%;1.94%;4.33%;7.49%;6.07%;3.72%;9.46%;-3.25%;0.07%;2.47%;-4.90%;10.34%;5.60%;0.53%;0.95%;0.34%;8.47%;-5.53%;-0.85%;-6.31%;-3.01%;3.49%;3.03%;-0.14%;0.75%;-0.16%;8.45%;14.54%;1.65%;7.84%;0.45%;1.80%;6.41%
31.08.2015;-9.94%;-5.12%;-8.51%;-1.92%;-2.09%;-4.07%;-8.03%;-5.22%;-6.01%;-4.32%;-8.22%;2.29%;-3.31%;-2.98%;-1.07%;-2.55%;-7.58%;-4.58%;-4.67%;-5.89%;-5.64%;-5.11%;-6.51%;-6.84%;-5.14%;11.42%;-13.26%;-9.51%;-1.19%;-2.29%;-8.69%;-1.93%;-1.05%;-2.59%;-12.08%;-7.27%;-4.24%;-2.96%;-3.05%;5.40%;-6.06%;-3.76%;-6.33%;2.86%;-7.76%;-3.72%;-0.92%;-4.55%;-4.16%;-0.06%
30.09.2015;1.05%;-7.32%;-0.20%;4.91%;-8.56%;-14.56%;4.43%;2.81%;-10.13%;8.68%;-8.35%;-3.12%;-7.03%;2.96%;7.30%;7.85%;-10.68%;4.10%;1.48%;-0.98%;5.71%;-3.52%;-2.84%;0.82%;-0.74%;-5.04%;-1.90%;-6.56%;4.17%;-7.71%;-2.41%;-13.26%;4.15%;7.74%;-7.66%;0.62%;-8.75%;-3.33%;-5.23%;-2.48%;-6.55%;-4.47%;-0.17%;-4.62%;-1.37%;-3.51%;6.91%;-1.99%;-3.08%;-2.39%
31.10.2015;17.84%;10.16%;9.67%;4.45%;9.64%;14.17%;6.89%;12.92%;-4.67%;2.12%;2.35%;0.27%;12.68%;2.48%;-1.65%;-3.40%;12.15%;-0.68%;9.58%;-0.35%;5.90%;3.10%;4.07%;-0.69%;7.66%;6.53%;6.96%;12.75%;4.06%;7.54%;3.82%;13.75%;12.78%;-0.98%;18.90%;2.93%;7.58%;18.92%;9.90%;2.89%;3.19%;9.89%;8.76%;8.27%;15.56%;-0.19%;8.28%;14.85%;4.20%;2.61%
30.11.2015;4.10%;-20.08%;2.34%;0.18%;-1.50%;0.70%;-0.68%;1.46%;-3.03%;-2.91%;-4.01%;9.75%;2.28%;-1.35%;-5.48%;-1.92%;0.67%;4.70%;-3.19%;0.61%;2.11%;4.50%;6.56%;3.83%;3.09%;-2.80%;2.45%;3.19%;4.91%;-2.45%;6.46%;-2.01%;0.61%;0.74%;1.42%;-2.81%;-2.49%;3.99%;3.78%;3.24%;5.19%;3.00%;6.45%;6.31%;6.54%;1.23%;-1.10%;1.52%;0.59%;-0.37%
31.12.2015;-3.96%;1.26%;-7.60%;-1.22%;-4.96%;1.32%;2.03%;-3.18%;-11.44%;3.85%;-8.25%;-0.63%;-6.38%;-0.38%;4.50%;-0.26%;-7.09%;3.72%;-3.87%;2.26%;-0.30%;-5.72%;-5.40%;-4.12%;-2.79%;-5.08%;-5.99%;-8.61%;2.53%;-0.71%;-3.81%;-2.78%;-1.23%;1.76%;-6.23%;-7.54%;-2.94%;-1.92%;-0.07%;2.36%;-8.58%;-2.24%;-0.25%;-7.42%;-1.51%;-3.96%;1.85%;-4.48%;-0.74%;-0.65%
31.01.2016;-8.83%;-3.64%;-3.25%;4.93%;-2.03%;-3.78%;-7.54%;-1.10%;2.13%;7.75%;-2.28%;-14.12%;-4.67%;6.97%;7.96%;5.20%;-8.75%;-10.47%;-7.31%;4.18%;3.88%;-4.94%;-21.95%;-12.29%;-5.36%;-34.95%;-0.91%;-21.50%;3.30%;-12.14%;-13.48%;-2.16%;4.60%;2.83%;-3.75%;-7.16%;-6.87%;-7.45%;-5.77%;4.03%;-15.60%;-11.18%;-6.01%;-7.14%;-0.41%;6.36%;9.79%;-2.83%;-5.77%;-1.05%
29.02.2016;0.74%;-1.12%;2.67%;4.50%;4.53%;7.93%;-1.80%;9.54%;8.52%;1.73%;9.01%;-2.89%;3.97%;-1.07%;0.87%;10.27%;4.78%;-1.82%;-0.16%;1.22%;-1.86%;-5.54%;1.96%;2.01%;4.10%;4.15%;4.92%;-6.95%;-3.28%;7.98%;-4.37%;0.67%;-5.03%;4.80%;1.46%;-10.03%;8.89%;-4.27%;-10.47%;-0.60%;-1.72%;-0.37%;-1.82%;11.69%;3.70%;-0.09%;0.25%;6.93%;6.79%;8.03%
31.03.2016;8.79%;4.79%;6.82%;6.69%;8.72%;3.95%;11.32%;3.50%;13.78%;8.11%;7.68%;13.46%;6.57%;7.75%;10.45%;5.45%;12.58%;11.72%;0.97%;8.64%;5.38%;5.72%;9.01%;-0.40%;10.25%;-1.42%;10.73%;7.29%;13.62%;6.19%;9.73%;20.21%;9.29%;9.05%;15.92%;18.90%;10.10%;8.82%;8.95%;2.30%;6.81%;12.54%;13.50%;7.35%;4.65%;-1.13%;7.62%;11.33%;11.23%;1.95%
30.04.2016;1.18%;9.99%;9.22%;-3.33%;1.87%;7.94%;1.92%;1.73%;6.44%;-4.16%;-0.59%;-0.57%;2.12%;-0.86%;-2.65%;-0.98%;6.44%;-5.08%;-0.52%;-9.41%;-1.96%;7.15%;6.21%;-2.65%;-1.19%;-0.29%;-1.62%;10.83%;-6.37%;0.90%;9.69%;6.08%;-0.07%;-3.23%;-1.00%;-17.76%;-0.26%;-3.66%;1.45%;-2.21%;7.07%;6.37%;-12.42%;1.94%;-9.27%;-0.93%;-2.31%;0.68%;-1.94%;0.55%
31.05.2016;6.89%;7.08%;0.70%;3.22%;-2.24%;-2.41%;-2.52%;4.67%;-2.20%;2.79%;6.35%;1.65%;1.59%;1.69%;-1.81%;1.29%;-3.96%;3.07%;5.51%;0.67%;0.72%;6.45%;3.87%;2.43%;2.16%;16.79%;-0.20%;6.20%;8.47%;2.10%;4.24%;-2.56%;4.75%;2.17%;-2.46%;8.55%;2.26%;-2.69%;1.58%;1.70%;1.21%;1.12%;4.75%;8.46%;13.83%;5.76%;0.47%;2.43%;2.70%;6.23%
30.06.2016;7.04%;1.07%;4.49%;8.11%;-0.44%;4.75%;4.97%;8.36%;-0.95%;10.48%;5.36%;3.27%;4.49%;9.29%;10.78%;8.41%;-7.46%;0.36%;1.78%;7.53%;8.05%;0.29%;-14.47%;0.53%;-1.51%;-5.27%;-1.93%;-15.46%;3.29%;-3.54%;-10.60%;1.84%;3.02%;10.13%;-2.94%;-7.76%;-0.45%;-0.32%;-2.13%;18.60%;-14.51%;-1.27%;-0.32%;3.25%;-2.56%;3.35%;12.19%;1.03%;4.25%;4.84%
31.07.2016;5.41%;5.09%;0.15%;-1.31%;5.84%;6.49%;8.29%;0.42%;9.17%;-1.50%;6.33%;4.43%;3.02%;-0.86%;-0.47%;0.24%;-3.34%;3.27%;6.51%;0.01%;3.10%;0.30%;7.03%;11.22%;9.35%;12.77%;2.70%;12.62%;-0.38%;10.09%;2.49%;9.43%;8.75%;-2.72%;0.52%;-4.27%;-0.39%;-0.14%;-0.43%;1.13%;22.79%;9.40%;0.28%;2.99%;5.94%;-3.74%;-1.90%;4.18%;-2.18%;-4.54%
31.08.2016;4.11%;-2.95%;2.61%;-5.78%;4.13%;-2.71%;-1.43%;3.21%;2.29%;-7.12%;1.89%;-2.51%;1.48%;-4.76%;-6.05%;-6.04%;4.06%;-2.92%;3.51%;-6.29%;-6.33%;4.52%;5.35%;-0.20%;4.46%;-10.12%;-4.52%;10.70%;-10.69%;1.82%;4.42%;-9.58%;-1.40%;-4.11%;1.10%;4.88%;1.32%;4.39%;-2.49%;-8.04%;6.76%;1.66%;6.61%;-8.17%;8.17%;1.12%;-7.65%;-0.60%;2.19%;1.18%
30.09.2016;2.37%;-2.99%;-2.59%;-0.51%;-3.41%;2.12%;-2.76%;-2.21%;2.84%;0.77%;-3.60%;-5.59%;2.16%;0.81%;0.90%;-0.67%;-0.33%;-1.96%;-8.71%;2.15%;-3.21%;-1.24%;-1.52%;1.05%;0.12%;16.24%;2.46%;-2.21%;-0.02%;-5.87%;-3.18%;1.92%;-6.02%;1.25%;-2.02%;-0.68%;6.15%;2.75%;-0.49%;-3.96%;-0.89%;-0.18%;2.45%;0.03%;3.68%;3.09%;1.59%;0.43%;0.96%;-3.28%
31.10.2016;-8.57%;3.30%;-4.19%;2.42%;-4.09%;-0.04%;-11.20%;-5.57%;-0.28%;0.31%;-1.82%;-4.56%;-9.19%;3.34%;0.31%;2.34%;6.99%;-3.21%;-4.57%;3.64%;-5.08%;-0.77%;8.26%;-7.28%;-7.64%;-7.78%;0.56%;4.47%;-1.34%;-8.03%;6.50%;-0.47%;-2.07%;0.16%;-9.92%;-1.18%;-2.16%;-5.04%;1.39%;-3.14%;1.36%;-7.45%;8.21%;-0.49%;-1.55%;5.24%;-0.13%;-9.83%;-2.27%;0.69%
30.11.2016;7.94%;-0.79%;3.63%;-1.67%;8.95%;-6.78%;2.81%;8.41%;10.91%;-4.59%;-6.57%;-3.86%;8.54%;-3.05%;-7.66%;-6.42%;4.45%;0.84%;3.51%;-8.76%;-3.32%;10.77%;17.54%;6.29%;8.71%;17.61%;16.85%;31.25%;-0.27%;7.12%;13.43%;27.30%;8.66%;-2.04%;3.00%;19.90%;11.68%;4.66%;8.49%;-4.09%;12.22%;4.20%;4.67%;10.99%;10.89%;4.24%;-4.41%;3.24%;18.03%;-9.27%
31.12.2016;-2.66%;6.33%;-1.94%;6.77%;-0.47%;0.19%;1.50%;-1.32%;-2.91%;4.23%;6.32%;-1.09%;3.80%;5.79%;6.59%;4.65%;0.09%;7.65%;2.32%;0.03%;1.17%;5.21%;6.07%;4.78%;-3.82%;-2.00%;2.03%;3.36%;6.83%;1.10%;8.88%;-4.32%;4.03%;5.52%;-0.83%;9.22%;1.10%;1.06%;2.84%;2.23%;-1.40%;-2.88%;4.40%;-0.27%;0.09%;5.79%;4.88%;-2.58%;3.45%;1.30%
31.01.2017;2.92%;-3.08%;0.52%;1.22%;-2.28%;8.01%;4.66%;-6.27%;7.53%;2.31%;5.49%;9.40%;3.72%;0.95%;0.87%;1.97%;3.69%;-2.89%;5.85%;-2.14%;-0.52%;-0.34%;2.92%;0.98%;0.07%;20.84%;2.03%;1.83%;-3.07%;8.05%;-6.88%;-1.84%;1.13%;-0.55%;5.50%;-3.57%;10.07%;4.75%;5.95%;6.04%;-1.52%;8.08%;11.69%;2.50%;8.81%;4.34%;2.70%;4.55%;-6.13%;2.29%
28.02.2017;3.56%;6.08%;3.33%;3.83%;0.47%;6.24%;6.17%;3.33%;0.97%;4.47%;7.85%;6.95%;2.98%;2.74%;3.58%;9.37%;3.51%;4.60%;2.76%;6.92%;0.17%;5.59%;4.47%;0.08%;2.60%;9.77%;-0.96%;4.34%;9.13%;4.83%;5.25%;7.67%;8.63%;6.75%;2.38%;2.47%;2.06%;9.21%;-6.57%;4.29%;4.57%;2.50%;0.17%;-6.06%;6.17%;3.65%;2.73%;10.49%;2.26%;10.18%
31.03.2017;1.56%;-1.30%;0.69%;-0.21%;-3.72%;1.82%;-4.79%;-0.98%;2.48%;1.26%;0.35%;4.41%;0.83%;0.69%;1.71%;-0.19%;0.66%;-1.38%;-7.08%;-0.72%;-5.17%;-0.66%;-5.33%;4.82%;1.40%;0.40%;-6.36%;-6.74%;-0.99%;1.35%;-0.91%;-4.58%;4.00%;1.42%;2.96%;1.70%;3.54%;-1.33%;-0.21%;-7.04%;-0.16%;4.95%;9.58%;0.07%;3.99%;1.85%;1.46%;0.35%;-2.92%;0.42%
30.04.2017;5.27%;-0.68%;3.35%;0.95%;4.53%;7.59%;-3.89%;0.37%;-0.22%;1.43%;0.17%;-1.31%;-1.88%;3.21%;2.04%;1.08%;-0.70%;6.34%;-1.05%;-5.96%;-1.25%;-0.28%;-3.45%;6.06%;11.98%;-7.07%;-2.32%;0.68%;-2.54%;2.26%;4.35%;3.29%;0.46%;2.00%;4.48%;-5.74%;1.00%;5.86%;-0.73%;-3.38%;5.85%;2.42%;13.36%;0.28%;5.99%;4.53%;2.52%;3.19%;2.78%;-0.73%
31.05.2017;2.05%;-9.17%;0.61%;3.71%;2.47%;6.46%;-4.23%;-2.85%;4.42%;4.37%;9.13%;-0.67%;4.59%;4.65%;4.37%;1.94%;0.39%;5.03%;1.43%;-2.40%;-6.29%;-1.64%;-2.55%;-4.14%;3.48%;4.00%;-4.83%;-1.06%;3.57%;1.86%;-2.90%;-5.33%;-0.47%;4.57%;-3.23%;0.90%;0.81%;4.00%;-3.56%;0.83%;-2.97%;1.03%;0.73%;3.06%;22.04%;10.86%;2.77%;1.20%;1.18%;4.24%
30.06.2017;2.60%;0.22%;3.59%;-3.73%;-0.75%;2.29%;1.34%;3.32%;3.48%;-1.78%;9.39%;6.02%;-2.36%;-3.47%;-1.59%;-4.20%;4.78%;0.08%;0.58%;0.92%;2.91%;1.26%;7.75%;4.72%;4.50%;-2.70%;7.24%;3.94%;3.31%;0.94%;11.60%;-0.46%;-1.06%;-3.67%;3.70%;3.57%;2.48%;1.85%;-1.92%;-6.95%;10.09%;2.19%;-15.42%;1.77%;-4.44%;-5.27%;0.07%;4.82%;-0.58%;0.74%
31.07.2017;-5.01%;1.86%;2.59%;3.35%;-0.05%;-0.17%;-1.19%;5.80%;3.43%;-0.09%;1.79%;3.17%;4.64%;1.89%;2.45%;1.25%;-0.45%;2.34%;0.56%;9.36%;5.70%;3.36%;-1.48%;-2.65%;3.05%;5.79%;-0.80%;8.04%;-1.83%;2.95%;-10.05%;0.25%;-8.11%;1.77%;-4.35%;-5.66%;1.83%;0.33%;-2.48%;2.95%;4.27%;0.32%;15.11%;-2.88%;8.24%;6.56%;4.52%;5.65%;3.48%;2.76%
31.08.2017;4.18%;-2.13%;3.42%;6.84%;2.18%;2.49%;-0.35%;0.78%;-5.16%;4.88%;2.78%;1.20%;0.96%;4.82%;1.61%;1.82%;3.57%;1.54%;-6.09%;2.01%;-4.39%;-2.62%;-5.07%;-12.78%;1.13%;3.00%;8.93%;-6.82%;3.65%;1.57%;1.04%;-4.53%;-7.89%;4.43%;-0.97%;0.02%;-0.68%;-0.71%;-4.39%;-14.15%;-0.88%;2.26%;2.86%;-1.60%;22.95%;2.21%;1.39%;1.34%;0.72%;-6.05%
30.09.2017;6.63%;3.58%;-0.96%;-3.67%;3.93%;1.32%;1.80%;-0.44%;6.07%;-3.98%;-5.56%;10.67%;8.18%;-4.51%;-3.55%;-3.84%;4.89%;-4.58%;14.91%;-4.39%;-2.23%;3.96%;10.79%;-5.04%;3.22%;-15.13%;12.53%;8.19%;0.30%;-2.31%;4.28%;1.60%;8.79%;-6.10%;4.52%;11.64%;9.04%;5.43%;1.36%;0.72%;3.21%;5.23%;4.63%;-1.24%;4.45%;4.08%;-4.37%;4.24%;7.42%;-3.15%
31.10.2017;-0.48%;-3.95%;2.98%;7.86%;5.34%;2.65%;-0.87%;-7.84%;5.18%;4.34%;1.24%;10.63%;4.40%;3.56%;6.57%;4.24%;0.87%;3.94%;5.33%;6.79%;-2.28%;4.95%;-0.61%;3.07%;5.46%;-3.08%;-4.31%;3.04%;-4.33%;5.67%;1.64%;3.81%;11.57%;3.64%;6.89%;2.75%;12.60%;5.98%;5.80%;0.98%;-3.37%;6.92%;15.15%;1.71%;8.15%;-4.92%;3.97%;8.39%;3.33%;-6.86%
30.11.2017;7.30%;-2.50%;4.39%;3.10%;2.82%;1.56%;3.39%;6.42%;-5.44%;3.08%;0.30%;15.28%;2.24%;4.55%;3.39%;1.57%;1.64%;-5.96%;5.19%;3.53%;9.62%;5.73%;4.27%;10.14%;5.98%;-12.67%;4.38%;1.33%;0.81%;7.89%;4.48%;-0.65%;3.94%;5.43%;0.44%;10.10%;-3.93%;3.57%;7.30%;9.93%;3.56%;4.92%;-5.72%;3.12%;0.73%;5.48%;5.71%;7.41%;3.06%;4.17%
31.12.2017;-3.46%;1.23%;0.61%;-7.86%;0.55%;-1.21%;3.62%;0.91%;6.12%;-4.64%;-9.75%;0.29%;3.77%;-5.38%;-3.93%;-22.28%;0.20%;-2.37%;-3.38%;-9.40%;0.36%;2.00%;1.02%;2.38%;-2.75%;-4.41%;3.59%;0.33%;-1.93%;-2.46%;2.51%;10.48%;3.42%;-7.31%;0.27%;-2.29%;2.05%;-3.16%;3.33%;7.21%;2.28%;0.32%;3.54%;2.28%;-1.68%;0.78%;-6.52%;0.56%;0.32%;6.90%
31.01.2018;8.86%;7.04%;0.36%;-3.43%;3.09%;11.31%;-4.39%;3.15%;6.31%;-5.51%;12.18%;-4.08%;5.05%;-2.85%;-5.52%;-0.31%;7.60%;-2.89%;3.99%;7.33%;-8.48%;0.03%;11.86%;-0.24%;8.60%;-4.79%;4.97%;7.59%;-5.28%;1.75%;5.39%;5.82%;4.19%;-6.26%;1.52%;4.09%;0.36%;8.22%;-1.84%;2.01%;13.23%;-2.16%;9.36%;5.36%;15.27%;5.92%;-3.60%;7.12%;1.86%;-2.75%
28.02.2018;-3.73%;-3.44%;0.66%;-4.22%;-4.61%;-6.00%;-4.02%;-3.11%;-10.66%;-5.25%;-5.88%;-14.69%;-5.86%;-4.71%;-6.92%;-3.21%;1.81%;-4.04%;1.13%;-1.84%;-5.79%;-5.99%;-3.08%;-9.17%;-4.50%;-5.79%;-1.98%;-7.73%;-9.23%;-14.76%;0.35%;-2.44%;1.95%;-3.00%;-5.41%;-1.51%;-8.47%;-1.92%;-7.17%;-0.57%;-3.76%;-4.35%;-1.07%;-13.16%;-11.79%;1.77%;-3.02%;-3.80%;0.19%;0.59%
31.03.2018;-1.04%;5.16%;-1.07%;4.18%;-1.20%;-4.17%;3.55%;-0.55%;-3.10%;7.48%;-0.85%;4.81%;-1.54%;3.48%;4.93%;4.96%;4.34%;7.42%;-1.69%;6.30%;1.79%;-1.52%;-3.93%;-3.90%;4.06%;-2.26%;-1.11%;-4.19%;6.21%;-3.30%;-2.70%;-6.70%;5.82%;3.58%;-0.47%;1.82%;-3.33%;1.93%;-7.45%;-1.28%;-6.16%;-3.87%;0.78%;-2.91%;-12.70%;1.70%;5.18%;-10.18%;-3.18%;2.73%
30.04.2018;-3.66%;4.49%;4.00%;4.25%;2.62%;6.97%;-0.95%;-4.75%;-1.52%;4.06%;-0.18%;0.54%;-5.76%;1.70%;2.67%;3.78%;-2.96%;0.25%;-5.31%;1.01%;0.49%;2.91%;-0.72%;3.69%;-6.35%;-25.81%;0.10%;-3.45%;0.10%;-9.76%;3.78%;1.37%;-4.96%;0.74%;-5.27%;4.80%;-5.69%;-6.02%;-1.18%;-8.15%;0.34%;-7.35%;-28.93%;-2.31%;1.83%;-5.06%;3.01%;-1.11%;6.90%;-8.40%
31.05.2018;2.96%;-3.80%;-1.26%;0.83%;-0.68%;1.79%;0.16%;-1.52%;-11.07%;-2.39%;-1.19%;-4.51%;2.97%;-2.96%;-4.38%;-5.27%;2.04%;-0.42%;6.15%;-0.08%;2.48%;-2.16%;-0.41%;-2.46%;3.62%;10.08%;8.95%;-5.85%;3.19%;-2.92%;-4.10%;4.03%;2.82%;-0.40%;-4.82%;4.68%;6.47%;4.41%;1.63%;-5.91%;-3.82%;-1.80%;16.33%;14.23%;12.27%;2.44%;2.53%;0.07%;1.88%;1.48%
30.06.2018;-6.36%;5.48%;-4.12%;2.66%;-3.66%;4.37%;2.86%;-3.76%;-6.04%;3.14%;3.90%;-2.73%;-4.76%;1.03%;2.45%;1.65%;-4.31%;-0.12%;-1.27%;5.31%;6.30%;-4.17%;-0.88%;4.77%;-1.42%;-2.00%;-5.06%;-6.23%;7.46%;4.87%;0.22%;-2.77%;6.18%;1.05%;3.08%;2.54%;-4.88%;-0.10%;9.18%;0.53%;-3.28%;-4.76%;0.52%;1.11%;5.46%;5.80%;1.48%;-2.93%;-0.05%;13.61%
31.07.2018;0.48%;5.14%;8.02%;2.67%;6.01%;-2.04%;0.58%;13.83%;7.22%;2.08%;10.48%;6.43%;13.20%;5.54%;1.06%;6.16%;4.04%;1.23%;1.49%;-1.50%;-0.16%;8.02%;5.20%;7.79%;12.37%;-0.85%;-1.52%;9.24%;-0.05%;-12.25%;6.41%;7.58%;1.00%;-0.32%;6.52%;16.21%;12.67%;9.26%;5.36%;3.23%;-4.87%;12.89%;13.45%;-13.38%;-4.67%;4.33%;1.76%;12.71%;5.36%;4.99%
31.08.2018;-2.30%;4.27%;-0.80%;1.73%;1.13%;2.49%;3.76%;1.22%;-0.87%;1.70%;-1.96%;1.69%;3.32%;2.24%;-0.16%;-1.51%;-6.52%;2.26%;13.76%;5.34%;3.91%;-0.13%;4.83%;-7.50%;-0.09%;10.92%;0.55%;-3.36%;3.55%;1.55%;-1.77%;-6.78%;7.02%;-1.64%;-0.27%;3.03%;-3.68%;-1.18%;4.08%;-7.13%;-1.75%;-6.14%;-4.92%;-1.23%;18.01%;9.20%;0.23%;-8.44%;4.01%;1.06%
30.09.2018;-8.26%;0.27%;2.21%;-0.17%;0.31%;3.77%;-5.79%;0.03%;3.68%;0.11%;8.20%;-5.11%;3.52%;-1.96%;-2.74%;2.82%;-1.50%;0.02%;-2.35%;0.28%;-3.32%;-1.55%;-8.11%;2.92%;-1.81%;-6.68%;-1.45%;3.02%;-3.41%;-8.63%;-5.11%;1.37%;1.73%;0.65%;-0.99%;-9.80%;4.02%;-0.87%;4.20%;-0.14%;-3.75%;4.06%;-10.37%;0.47%;3.17%;1.12%;2.21%;2.86%;-2.89%;5.19%
31.10.2018;-14.88%;-6.20%;-8.69%;2.68%;-7.19%;-19.10%;-1.31%;2.89%;-6.61%;0.87%;-6.99%;-14.94%;-6.62%;3.61%;-0.44%;3.27%;-17.86%;2.25%;-0.17%;0.11%;-1.31%;-2.53%;-3.28%;-5.05%;-16.01%;-6.36%;-7.19%;-11.23%;-2.66%;-29.06%;-7.60%;-6.45%;-12.85%;3.69%;-3.89%;-14.19%;-12.34%;-4.68%;-16.34%;5.37%;-17.68%;-20.25%;-6.83%;-9.24%;-6.80%;-2.65%;-1.07%;-16.05%;-4.89%;-0.19%
30.11.2018;4.43%;-2.78%;6.02%;6.08%;4.04%;9.48%;8.47%;3.75%;10.33%;5.01%;7.76%;3.32%;2.29%;6.35%;5.54%;-20.46%;0.42%;4.50%;4.62%;1.30%;6.30%;2.07%;1.63%;13.72%;8.50%;-1.06%;-4.02%;4.93%;6.84%;2.49%;5.31%;2.00%;11.32%;9.43%;3.85%;1.97%;5.65%;5.16%;7.81%;-3.70%;6.03%;12.12%;3.42%;4.34%;-15.08%;7.18%;2.60%;6.08%;3.10%;11.31%
31.12.2018;-10.08%;-10.52%;-0.02%;-5.14%;-0.71%;-3.91%;-14.41%;-5.47%;-11.03%;-4.19%;-8.93%;-6.69%;-16.14%;-8.08%;-4.18%;2.42%;-7.44%;-6.79%;-14.62%;0.02%;-10.84%;-13.95%;-18.50%;-7.65%;-8.31%;-1.23%;-12.53%;-18.72%;-7.79%;-8.87%;-15.96%;-14.44%;-8.45%;-4.86%;-6.28%;-7.25%;-13.42%;-10.64%;-12.30%;-10.07%;-13.83%;-8.22%;-12.06%;-6.48%;-6.34%;-14.75%;-2.76%;-7.02%;-5.23%;-0.52%
31.01.2019;11.87%;9.38%;4.49%;6.81%;3.21%;9.92%;17.95%;5.29%;9.87%;4.81%;9.32%;10.72%;23.58%;7.39%;1.35%;1.23%;11.02%;11.23%;9.03%;4.18%;13.06%;12.17%;12.16%;7.82%;8.98%;26.52%;14.84%;13.78%;5.62%;9.90%;6.28%;18.90%;0.64%;3.22%;2.93%;12.43%;12.44%;6.07%;14.04%;11.97%;13.04%;5.39%;14.48%;2.67%;2.33%;2.95%;5.09%;16.70%;-1.66%;-1.96%
28.02.2019;8.83%;-5.53%;2.84%;2.56%;10.03%;2.91%;0.44%;6.85%;4.56%;4.94%;2.43%;0.96%;2.89%;4.75%;6.00%;4.95%;2.39%;3.01%;7.39%;3.77%;0.59%;-1.41%;8.66%;6.01%;4.68%;6.82%;0.41%;7.45%;3.11%;5.51%;5.18%;-1.27%;6.24%;7.10%;6.01%;5.66%;5.15%;14.28%;-3.79%;0.80%;1.19%;4.56%;13.27%;9.47%;-17.51%;6.32%;1.07%;3.26%;8.88%;1.66%
31.03.2019;2.49%;2.14%;2.12%;3.05%;5.21%;8.89%;0.71%;-1.25%;3.02%;1.91%;3.37%;6.63%;3.97%;0.76%;3.65%;3.20%;-8.43%;3.17%;5.67%;2.93%;3.00%;-0.93%;-12.20%;2.46%;5.11%;-0.45%;-5.89%;-6.30%;5.36%;-7.51%;-3.18%;-3.86%;3.21%;1.77%;1.06%;-4.19%;-1.38%;5.47%;-1.78%;10.72%;-8.62%;2.63%;-2.40%;6.33%;7.96%;5.05%;4.49%;4.40%;-0.27%;8.44%
30.04.2019;-1.62%;3.20%;0.55%;-0.62%;8.22%;-6.37%;3.33%;12.49%;5.12%;-0.19%;-2.32%;6.87%;4.31%;1.34%;1.38%;3.78%;4.54%;-1.88%;10.91%;0.80%;-2.37%;6.76%;10.67%;-4.38%;3.03%;-10.92%;-6.93%;13.45%;-0.14%;7.80%;9.51%;-1.72%;11.48%;-0.53%;3.89%;-4.92%;2.78%;4.97%;7.30%;5.05%;3.34%;7.99%;22.78%;6.30%;2.40%;-7.30%;-0.78%;-1.82%;7.38%;5.01%
31.05.2019;-22.87%;-14.29%;1.62%;0.57%;-1.28%;-3.96%;-5.14%;1.93%;-9.55%;0.80%;2.50%;-3.71%;-9.01%;-0.40%;-0.05%;-7.11%;-17.91%;3.06%;0.63%;-2.09%;-2.54%;-2.46%;-9.33%;-5.32%;-2.73%;2.17%;-10.10%;-10.58%;5.06%;-0.72%;-13.43%;-16.10%;-2.37%;-0.86%;-11.15%;-13.79%;-17.84%;-4.47%;-7.55%;-1.08%;-18.55%;-13.43%;-14.21%;-1.16%;11.48%;-3.05%;-0.74%;-6.17%;-0.78%;-0.93%
30.06.2019;16.26%;7.22%;7.22%;2.23%;11.01%;11.34%;-1.58%;5.35%;14.27%;3.75%;12.95%;1.03%;12.49%;1.74%;2.30%;13.36%;19.71%;-0.11%;3.09%;4.56%;-1.69%;4.44%;9.07%;8.93%;12.91%;7.87%;7.49%;8.23%;2.96%;8.61%;5.06%;14.61%;6.38%;0.01%;11.82%;6.65%;10.52%;6.32%;6.68%;-4.78%;1.29%;13.49%;13.76%;10.01%;4.79%;-4.43%;4.04%;10.99%;6.20%;-1.69%
31.07.2019;-3.82%;0.50%;-4.15%;1.22%;1.18%;2.63%;3.64%;3.90%;-4.47%;0.35%;-0.04%;6.30%;-3.53%;-0.06%;-3.29%;10.39%;-2.56%;4.04%;-3.42%;2.52%;3.11%;1.89%;4.01%;6.54%;-2.47%;-0.24%;11.80%;1.19%;-0.12%;-15.64%;9.45%;-0.78%;-1.04%;-3.24%;0.39%;5.77%;-2.05%;-0.90%;-8.06%;-3.66%;4.31%;2.40%;16.13%;0.57%;7.73%;-6.71%;3.11%;-0.34%;7.06%;3.07%
31.08.2019;2.71%;-7.54%;-4.83%;1.77%;-1.19%;4.58%;-3.57%;4.65%;-9.14%;8.14%;-8.35%;7.55%;-3.37%;1.85%;4.48%;-2.32%;-13.40%;6.14%;-2.04%;4.46%;-2.28%;-2.23%;-7.18%;-3.83%;-1.96%;-3.81%;5.38%;-18.77%;8.19%;-4.81%;-10.44%;-10.09%;3.54%;5.17%;-5.78%;-11.65%;-5.13%;0.82%;-2.74%;-5.58%;-11.83%;-10.14%;-5.11%;1.94%;7.55%;-2.31%;0.93%;0.45%;2.51%;5.59%
30.09.2019;2.38%;8.77%;4.62%;3.58%;-1.98%;-0.47%;0.79%;3.54%;9.76%;1.92%;-4.30%;6.70%;6.61%;2.37%;6.99%;4.18%;12.76%;1.50%;-10.65%;5.59%;5.18%;7.10%;7.52%;2.09%;-0.68%;-9.46%;2.50%;13.89%;2.45%;4.18%;5.95%;3.76%;2.82%;1.67%;7.26%;4.50%;8.35%;-2.95%;5.79%;5.26%;15.18%;9.08%;9.15%;7.13%;-5.20%;3.99%;3.63%;-1.91%;-2.21%;-5.60%
31.10.2019;3.97%;2.20%;1.45%;-2.48%;-3.53%;-12.47%;6.42%;-2.64%;5.87%;-0.21%;-2.18%;-0.81%;4.19%;-3.70%;-2.54%;-16.09%;3.70%;0.58%;4.18%;0.03%;0.53%;1.48%;-0.12%;-4.48%;-5.26%;12.89%;6.08%;-6.53%;6.75%;15.40%;7.43%;6.44%;2.67%;-3.20%;5.42%;2.73%;4.20%;-5.67%;3.76%;-4.10%;12.44%;4.63%;5.74%;-5.69%;-4.14%;11.70%;-1.40%;12.99%;4.33%;-7.20%
30.11.2019;-2.22%;2.00%;3.04%;-4.46%;10.70%;6.75%;0.86%;-5.56%;5.90%;-3.64%;7.47%;5.57%;7.19%;-1.99%;-5.90%;9.74%;2.94%;-4.69%;2.30%;-1.42%;-3.02%;5.66%;5.26%;6.11%;4.85%;12.08%;-1.77%;5.15%;-1.48%;-2.92%;7.46%;4.54%;-0.58%;-7.27%;2.85%;1.50%;13.75%;6.97%;-1.48%;-0.68%;13.55%;4.12%;2.12%;-0.82%;0.71%;-6.05%;-5.03%;1.84%;0.04%;0.31%
31.12.2019;-1.71%;8.71%;-3.20%;3.18%;-0.71%;1.87%;-0.63%;-1.91%;-1.57%;2.37%;2.48%;-4.53%;3.70%;3.81%;4.87%;8.99%;1.00%;-3.77%;3.48%;2.59%;-2.67%;2.28%;1.14%;1.59%;5.55%;-7.40%;1.08%;-0.21%;-3.26%;-2.29%;-1.07%;-0.28%;3.01%;3.63%;3.88%;8.95%;3.94%;-1.84%;6.14%;-0.22%;5.19%;5.39%;8.96%;1.58%;0.75%;-7.27%;5.00%;0.21%;4.71%;0.35%
31.01.2020;-10.52%;-3.56%;-2.64%;7.42%;1.96%;6.85%;4.60%;0.21%;-10.74%;8.89%;7.84%;12.10%;-1.35%;2.81%;3.77%;2.25%;-9.46%;3.50%;6.51%;4.38%;-2.21%;-1.07%;-9.25%;2.38%;-4.87%;-16.45%;-7.71%;-7.81%;3.93%;-3.58%;-7.47%;-15.14%;3.13%;8.50%;-10.36%;-8.02%;-5.56%;7.61%;-5.90%;-0.63%;-3.89%;-4.00%;-3.36%;-1.77%;1.68%;14.32%;4.49%;0.65%;13.60%;5.37%
29.02.2020;-6.97%;-16.00%;-17.03%;-3.84%;-8.12%;-6.56%;-10.17%;-11.28%;-5.55%;-11.93%;-6.55%;-10.14%;-9.88%;-15.91%;-16.27%;-12.35%;-13.81%;-8.64%;-7.15%;-12.45%;-7.06%;-11.10%;-9.70%;-12.08%;-9.53%;3.08%;-10.77%;-16.24%;-5.20%;-8.12%;-10.40%;-13.05%;-3.92%;-7.78%;-12.96%;-13.46%;-4.38%;-7.84%;-9.44%;-0.72%;-10.06%;-9.93%;-11.08%;-15.21%;-13.89%;-1.46%;-11.89%;-12.88%;-4.33%;-6.45%
31.03.2020;-4.53%;-5.96%;-19.80%;-7.94%;-9.24%;-2.61%;-28.60%;-19.21%;-9.98%;-2.31%;-15.20%;-36.12%;-18.06%;-15.08%;-0.36%;-18.59%;-24.40%;-22.41%;-1.88%;-9.46%;-36.00%;-22.46%;-33.22%;-25.64%;-6.81%;-3.02%;-4.26%;-42.14%;-20.42%;-37.20%;-14.15%;-13.02%;-6.86%;-15.44%;-19.75%;-24.81%;-17.47%;-11.47%;-24.44%;8.52%;-21.92%;-30.54%;-7.81%;-10.03%;10.23%;-3.31%;-3.56%;-11.15%;-15.76%;-7.52%
30.04.2020;12.09%;5.57%;8.76%;0.50%;13.75%;9.35%;6.48%;-12.12%;20.82%;-2.83%;4.00%;38.88%;11.57%;10.46%;1.03%;8.40%;31.96%;11.85%;5.49%;2.99%;12.74%;14.41%;14.58%;42.74%;11.24%;33.36%;9.64%;34.76%;8.63%;15.06%;5.94%;15.75%;7.84%;1.58%;8.65%;25.22%;25.56%;9.37%;19.73%;3.52%;19.54%;10.73%;15.45%;4.53%;2.06%;10.68%;2.76%;8.89%;-0.86%;9.05%
31.05.2020;12.69%;5.83%;-2.08%;2.71%;7.11%;1.38%;-11.54%;-10.42%;3.72%;2.60%;10.55%;17.10%;3.83%;3.68%;-4.76%;-1.03%;12.50%;-0.55%;11.81%;2.39%;-4.05%;-6.20%;-3.80%;5.78%;3.73%;4.34%;18.33%;8.26%;4.90%;6.24%;-0.20%;2.59%;27.09%;1.17%;11.92%;7.33%;14.07%;15.65%;-0.47%;-0.86%;-3.31%;13.83%;7.15%;-4.13%;12.48%;4.49%;0.78%;0.24%;11.94%;7.25%
30.06.2020;-0.81%;2.52%;-0.41%;-5.86%;-0.09%;-4.35%;5.11%;8.61%;2.98%;0.47%;-10.53%;0.63%;-0.22%;-0.08%;-3.16%;-6.55%;2.28%;-5.61%;7.08%;-7.38%;6.62%;-3.63%;1.68%;7.54%;-0.51%;2.01%;0.82%;-3.02%;-1.46%;9.17%;0.41%;-2.02%;1.32%;-4.96%;4.90%;4.84%;-0.94%;-1.42%;7.67%;-6.44%;4.24%;11.09%;26.29%;7.30%;2.49%;1.60%;-2.55%;3.08%;1.62%;3.30%
31.07.2020;2.15%;7.33%;-1.29%;14.77%;19.37%;0.59%;-0.32%;22.89%;11.53%;9.85%;-0.26%;19.30%;6.59%;8.60%;6.80%;2.49%;8.23%;-2.79%;5.42%;-25.23%;-9.39%;7.22%;4.08%;22.41%;4.28%;-5.02%;7.52%;1.29%;3.93%;-21.54%;-0.46%;2.31%;16.48%;13.35%;1.49%;-3.72%;2.40%;11.37%;5.30%;3.34%;1.22%;10.60%;5.26%;1.35%;17.51%;23.60%;6.43%;-0.15%;11.55%;24.61%
31.08.2020;2.17%;4.50%;2.10%;-1.42%;1.95%;0.79%;-2.50%;1.89%;7.23%;-5.76%;11.12%;7.86%;6.70%;2.62%;-7.16%;-4.64%;-2.05%;-1.93%;1.17%;-1.42%;3.84%;3.88%;1.50%;-14.43%;9.68%;-2.45%;8.60%;-2.17%;-0.86%;15.62%;4.51%;8.36%;3.51%;-10.88%;11.83%;4.57%;5.67%;-1.10%;1.64%;9.89%;6.73%;5.19%;-4.50%;2.19%;4.36%;5.22%;-5.83%;1.80%;2.04%;-0.53%
30.09.2020;7.81%;4.70%;0.83%;-0.05%;1.91%;-7.38%;-7.57%;-1.82%;2.51%;2.18%;7.22%;6.23%;-0.94%;-3.07%;10.18%;-3.14%;6.84%;-7.27%;-4.23%;1.78%;-7.33%;-3.14%;-2.56%;11.29%;1.20%;-6.87%;-9.90%;-13.10%;-1.01%;5.69%;-4.80%;-1.33%;2.22%;1.63%;1.88%;0.12%;-3.86%;-7.52%;-0.07%;-3.13%;-12.88%;0.97%;-6.49%;13.24%;-3.50%;-1.59%;-3.70%;10.78%;-2.26%;-1.97%
31.10.2020;-2.11%;-0.55%;-6.61%;3.22%;-6.84%;-3.55%;-8.75%;-8.58%;4.12%;3.12%;-5.37%;-11.67%;2.18%;8.21%;0.88%;11.59%;4.33%;2.91%;-8.48%;3.51%;-5.12%;1.48%;15.57%;3.53%;-6.60%;-3.46%;-3.68%;12.02%;0.58%;5.73%;1.25%;7.39%;4.56%;9.41%;6.25%;-4.26%;7.44%;-6.03%;7.06%;-2.88%;0.13%;2.46%;10.68%;6.85%;-6.24%;6.74%;-4.11%;8.79%;-3.90%;-5.69%
30.11.2020;9.48%;7.62%;29.39%;-4.13%;1.40%;-1.94%;35.55%;7.92%;5.12%;-2.84%;5.06%;11.50%;10.21%;1.93%;-2.86%;9.48%;20.47%;20.17%;8.88%;-10.64%;26.80%;15.07%;15.70%;0.44%;13.65%;-2.43%;11.11%;36.07%;9.04%;21.93%;18.96%;12.43%;-1.07%;1.34%;13.13%;26.60%;7.77%;15.13%;11.62%;4.45%;19.65%;10.89%;25.59%;-3.59%;16.51%;-1.17%;4.59%;7.90%;3.48%;-0.71%
31.12.2020;-2.66%;2.01%;1.88%;0.35%;-2.48%;5.47%;-3.71%;14.42%;-1.20%;-0.24%;8.37%;-7.50%;3.86%;-3.51%;-4.34%;2.37%;2.95%;-3.45%;-0.15%;16.81%;-2.42%;1.99%;4.54%;5.34%;3.12%;2.88%;1.22%;6.53%;0.41%;12.01%;0.01%;-0.96%;7.81%;-2.33%;-1.36%;-2.15%;-1.42%;0.95%;-1.98%;-0.63%;3.25%;-2.77%;8.75%;6.45%;15.10%;2.82%;0.14%;3.85%;5.50%;-0.35%
31.01.2021;-0.96%;-0.80%;1.59%;-6.23%;-1.89%;-3.95%;-2.43%;-3.03%;3.21%;-6.78%;0.19%;11.75%;-7.74%;-1.36%;-2.07%;-6.43%;-1.27%;1.80%;-9.08%;0.48%;4.14%;-4.82%;6.01%;9.46%;-6.54%;3.17%;-1.47%;-9.59%;4.77%;1.87%;-3.53%;-7.68%;-4.93%;-5.89%;-6.60%;8.02%;-0.92%;-8.87%;5.16%;0.69%;-3.13%;-2.85%;-5.36%;0.55%;-3.54%;-7.82%;-6.75%;-2.34%;-9.12%;-3.22%
28.02.2021;9.87%;13.14%;6.00%;-3.37%;-4.18%;1.12%;8.61%;16.39%;8.01%;-4.87%;6.08%;0.09%;5.81%;-0.84%;-7.25%;-7.17%;11.09%;6.34%;0.52%;7.74%;15.54%;3.53%;15.95%;-9.58%;5.08%;-12.36%;9.07%;26.02%;2.32%;21.86%;6.66%;22.76%;-5.48%;-6.05%;0.08%;15.24%;-2.11%;-3.76%;12.85%;-3.79%;3.96%;0.78%;13.33%;11.97%;-7.98%;-7.91%;-4.93%;16.13%;6.52%;-6.73%
31.03.2021;13.88%;1.45%;7.63%;15.78%;10.06%;8.90%;2.15%;5.33%;2.91%;14.01%;-0.53%;16.22%;11.69%;13.10%;15.19%;8.54%;0.79%;6.69%;1.80%;5.95%;0.28%;3.46%;2.48%;3.18%;7.25%;3.32%;14.67%;9.50%;7.15%;9.90%;10.49%;34.19%;3.13%;16.33%;11.89%;0.82%;9.58%;6.81%;14.32%;13.86%;15.45%;14.20%;-5.32%;1.28%;-4.21%;3.99%;17.61%;4.82%;-0.20%;11.26%
30.04.2021;0.21%;10.75%;4.98%;5.06%;3.08%;1.60%;9.03%;9.94%;-2.73%;5.18%;6.98%;10.29%;8.79%;6.08%;3.49%;2.58%;5.40%;7.68%;8.95%;9.31%;12.31%;6.06%;-1.63%;-11.87%;7.11%;5.06%;1.57%;2.99%;8.98%;6.86%;9.02%;3.01%;22.60%;4.06%;13.96%;12.22%;-0.44%;10.69%;2.97%;3.52%;0.53%;3.95%;2.79%;5.62%;-0.75%;8.31%;4.80%;17.03%;16.34%;-1.84%
31.05.2021;5.31%;5.39%;5.49%;-0.75%;3.88%;-4.17%;7.51%;8.01%;2.08%;-2.56%;-4.24%;-3.05%;0.88%;-1.45%;-0.22%;-6.02%;8.67%;1.64%;-0.55%;-0.03%;1.33%;3.07%;3.52%;-3.80%;-0.69%;-1.87%;0.49%;9.56%;2.85%;2.52%;6.49%;24.65%;3.32%;0.92%;4.95%;1.35%;-0.20%;0.94%;7.16%;1.76%;3.61%;4.85%;5.81%;2.85%;5.80%;-8.56%;-4.27%;2.97%;-1.24%;-0.01%
30.06.2021;1.39%;-8.41%;-4.77%;-4.94%;-4.00%;-1.97%;-2.53%;-4.18%;-4.74%;-5.19%;0.72%;-4.98%;0.40%;-6.08%;-6.22%;3.49%;-6.90%;1.60%;0.62%;-0.83%;2.48%;-9.65%;-10.03%;5.80%;-0.93%;0.42%;-4.84%;-9.96%;4.80%;-8.78%;-4.60%;-6.45%;5.26%;-3.09%;-5.25%;0.64%;8.89%;4.49%;-11.81%;-2.14%;-5.40%;-5.45%;1.30%;-4.85%;-4.60%;0.54%;-2.47%;-4.67%;1.36%;-0.31%
31.07.2021;-2.40%;-1.45%;2.50%;5.52%;1.69%;-3.58%;3.30%;1.61%;-4.80%;4.59%;6.43%;5.60%;10.97%;7.23%;2.86%;-5.74%;-2.92%;10.12%;6.46%;2.98%;1.22%;-2.25%;-0.30%;12.47%;3.02%;-8.06%;3.38%;-1.94%;14.65%;1.41%;-1.82%;8.90%;4.18%;1.93%;-3.68%;10.39%;7.48%;4.50%;-2.44%;1.19%;6.58%;-3.56%;-5.20%;3.40%;-2.03%;12.08%;2.58%;0.52%;2.37%;1.60%
31.08.2021;3.79%;0.47%;3.05%;4.53%;-7.39%;-1.46%;-3.74%;4.68%;1.67%;3.79%;6.87%;0.20%;4.33%;2.57%;2.28%;7.36%;0.39%;0.80%;6.42%;1.44%;3.61%;3.39%;10.30%;5.48%;-0.95%;-1.11%;5.31%;12.20%;0.19%;1.47%;5.02%;13.02%;3.45%;-7.06%;-2.43%;5.28%;5.86%;-1.52%;3.20%;-5.67%;6.62%;-1.92%;-4.38%;3.30%;-7.03%;1.54%;-1.10%;6.98%;6.71%;-3.37%
30.09.2021;-16.02%;0.61%;-7.50%;-7.66%;-4.97%;5.52%;-4.11%;-7.44%;-4.24%;-6.22%;-8.30%;-12.00%;-10.56%;-7.17%;-2.83%;-4.10%;-10.98%;-3.33%;4.06%;-7.41%;-3.10%;-7.33%;-0.45%;-6.75%;-7.61%;-10.08%;-5.57%;0.15%;-2.92%;-10.30%;-9.04%;-16.22%;-11.97%;-5.90%;-10.04%;-2.61%;-9.35%;-7.69%;-6.59%;-2.21%;-8.81%;-9.29%;-10.03%;-8.84%;-4.43%;-9.03%;-8.97%;-7.79%;-4.32%;-1.01%
31.10.2021;19.65%;7.05%;2.95%;4.72%;17.74%;-1.47%;5.80%;6.89%;6.80%;1.04%;0.87%;6.31%;8.73%;2.19%;3.87%;14.78%;3.92%;7.01%;12.44%;8.17%;2.93%;-0.01%;2.83%;-0.68%;7.55%;-2.62%;17.92%;4.95%;9.35%;-0.11%;14.83%;13.81%;18.59%;-10.88%;12.28%;12.70%;8.62%;9.36%;-2.74%;2.36%;17.10%;2.94%;26.63%;12.39%;17.48%;-0.28%;4.44%;5.07%;13.81%;5.80%
30.11.2021;8.66%;-3.16%;0.88%;-3.20%;-4.13%;-5.56%;-5.10%;-6.21%;-12.55%;-2.49%;-9.70%;9.44%;-3.09%;-4.42%;2.97%;3.73%;0.25%;-0.14%;5.56%;-2.26%;1.93%;-2.57%;-5.72%;1.94%;1.17%;1.10%;-3.06%;-7.53%;1.53%;-5.27%;-5.97%;-4.83%;7.56%;0.87%;-3.99%;-1.68%;5.26%;-4.74%;1.32%;2.94%;-9.72%;-2.77%;10.58%;0.80%;-8.35%;-5.54%;-1.95%;-5.81%;2.06%;2.31%
31.12.2021;8.59%;9.24%;8.46%;9.08%;5.84%;15.10%;6.80%;0.02%;4.64%;11.33%;11.27%;10.99%;11.15%;10.33%;10.97%;4.54%;15.93%;3.76%;3.90%;11.53%;11.12%;8.29%;3.90%;2.44%;5.21%;8.38%;7.08%;2.90%;11.23%;8.51%;3.37%;7.42%;2.29%;9.92%;12.25%;0.63%;4.11%;5.96%;5.28%;8.22%;4.52%;8.39%;7.03%;8.51%;7.13%;3.30%;16.82%;5.93%;9.29%;14.99%
31.01.2022;-10.98%;10.96%;7.59%;0.34%;-6.82%;-0.09%;-1.86%;3.99%;1.26%;-1.03%;-4.93%;-17.55%;-6.44%;1.49%;1.32%;-7.05%;-0.98%;-5.04%;-13.19%;0.89%;-5.74%;9.15%;-1.34%;-8.25%;-8.84%;1.27%;-5.80%;2.52%;-9.92%;-13.34%;-1.91%;-10.78%;-15.86%;-1.39%;-9.42%;1.56%;-17.09%;-11.12%;-3.31%;3.50%;2.24%;-7.41%;-28.19%;-8.32%;-8.09%;-9.82%;2.34%;-5.15%;-5.69%;0.15%
28.02.2022;-9.93%;4.60%;-2.75%;-3.14%;-16.24%;-0.55%;9.13%;4.21%;-7.59%;-0.57%;2.70%;-4.28%;-7.68%;0.96%;-0.79%;1.00%;-0.39%;-4.61%;-3.75%;-0.26%;-7.77%;-1.11%;3.05%;1.32%;-10.71%;-8.11%;5.40%;-3.06%;-0.50%;-10.83%;-2.35%;29.80%;-3.71%;2.99%;-14.56%;6.21%;-7.83%;2.66%;0.93%;-4.15%;-9.70%;-6.84%;0.42%;-4.66%;-0.82%;5.77%;2.42%;-14.22%;2.01%;-4.68%
31.03.2022;-6.85%;15.66%;6.05%;9.08%;5.75%;-8.46%;5.30%;10.72%;1.13%;10.04%;2.09%;-12.53%;0.34%;8.72%;11.44%;10.52%;-5.42%;8.92%;7.12%;10.58%;3.81%;-0.37%;-5.81%;7.93%;-0.10%;16.27%;-0.86%;-3.07%;2.36%;-11.79%;2.23%;12.93%;-7.80%;10.25%;-1.41%;-4.73%;5.46%;5.35%;-1.60%;1.21%;2.09%;-14.09%;0.35%;1.45%;-5.11%;7.76%;9.51%;-1.28%;7.04%;1.83%
30.04.2022;-8.56%;-0.79%;-11.05%;-0.27%;-5.75%;-8.37%;-8.03%;-9.31%;-7.77%;-1.80%;-13.55%;-6.61%;-15.05%;-0.20%;-2.06%;-0.88%;-7.72%;-4.11%;-7.07%;-5.57%;-3.22%;-2.51%;-9.15%;-6.30%;-1.01%;-5.63%;-14.92%;-7.98%;-6.11%;13.56%;-10.94%;4.46%;-4.00%;-8.84%;-2.36%;-13.91%;-9.78%;-0.50%;3.40%;1.11%;-22.66%;-13.64%;-10.81%;-6.22%;-22.27%;-4.32%;-5.11%;4.20%;-14.25%;-1.84%
31.05.2022;3.32%;1.38%;5.71%;2.44%;5.14%;6.99%;-5.49%;4.21%;10.50%;3.39%;-2.88%;7.96%;0.43%;1.24%;7.00%;1.60%;7.27%;-13.82%;-5.41%;-0.84%;-1.82%;-0.34%;5.52%;4.53%;0.88%;1.21%;0.98%;-3.03%;-7.52%;0.25%;8.41%;-14.45%;-1.66%;10.29%;-1.20%;-8.33%;-15.65%;-5.76%;4.39%;-8.47%;8.21%;-1.25%;3.57%;-4.34%;4.17%;5.69%;2.54%;-4.48%;-4.24%;-7.72%
30.06.2022;-9.11%;-14.22%;-8.06%;-5.13%;-2.37%;-15.60%;-20.03%;-7.01%;-6.85%;-4.40%;-10.79%;-11.70%;-9.12%;-4.55%;-3.45%;-9.60%;-18.57%;-7.93%;0.91%;-9.89%;-16.79%;-0.16%;-13.39%;-7.99%;-4.93%;0.05%;-8.60%;-19.32%;-3.56%;-12.34%;-13.72%;-21.24%;-11.73%;-5.89%;-9.25%;-16.58%;-6.06%;-10.86%;-10.67%;2.75%;-15.01%;-11.71%;-18.01%;-13.66%;-1.67%;-1.29%;-3.09%;-5.85%;-1.62%;3.10%
31.07.2022;15.63%;6.58%;3.48%;3.63%;3.84%;-8.39%;3.48%;-17.78%;14.27%;1.74%;4.35%;17.81%;10.11%;3.49%;4.30%;7.08%;7.62%;10.41%;11.65%;6.98%;11.49%;3.26%;11.78%;2.92%;14.85%;2.17%;16.30%;9.69%;6.25%;3.46%;4.01%;30.59%;1.76%;0.40%;13.00%;5.59%;28.00%;10.57%;13.63%;3.29%;16.19%;-6.62%;12.58%;16.27%;8.24%;10.37%;8.21%;17.58%;11.51%;-5.14%
31.08.2022;-10.55%;6.00%;3.51%;-0.73%;1.51%;-2.24%;-13.06%;-0.58%;-2.87%;-1.92%;-12.28%;-9.01%;-6.71%;-0.16%;-1.73%;0.93%;-5.33%;-7.68%;0.66%;-3.96%;-4.30%;-3.50%;0.64%;-5.54%;-3.48%;-9.52%;-5.24%;-9.63%;-10.33%;-14.29%;-4.89%;-2.30%;-5.36%;3.57%;-1.98%;-2.93%;-7.37%;-7.86%;-2.95%;5.61%;-3.98%;-9.67%;-16.30%;0.51%;-7.85%;-12.66%;-6.79%;-3.78%;-3.35%;-5.03%
30.09.2022;-14.13%;-8.23%;-5.00%;-13.22%;-8.00%;-6.46%;-5.81%;-7.81%;-5.05%;-13.38%;-8.38%;-5.24%;-6.52%;-11.92%;-11.75%;-16.70%;-22.11%;-8.80%;-7.67%;-5.70%;-11.20%;2.39%;-1.83%;-4.69%;-0.87%;-5.57%;-10.10%;-4.86%;-6.59%;-17.56%;-10.21%;-19.71%;-6.12%;-14.58%;-12.60%;-0.25%;-9.00%;-10.86%;-7.20%;-1.28%;-11.22%;-14.82%;-11.29%;-5.25%;-11.25%;2.81%;-9.84%;-11.58%;-4.10%;-14.59%
31.10.2022;12.53%;20.32%;15.62%;1.62%;8.12%;1.19%;-2.00%;15.92%;19.92%;-2.27%;3.37%;13.92%;11.87%;-2.12%;2.34%;7.11%;8.86%;-7.65%;6.11%;1.69%;10.85%;15.64%;16.21%;4.85%;11.01%;11.32%;9.14%;22.45%;1.30%;3.67%;-0.87%;23.14%;-4.62%;3.96%;2.92%;-0.28%;18.45%;15.04%;10.05%;9.41%;22.72%;5.09%;8.02%;3.57%;8.47%;21.11%;4.38%;4.40%;-3.02%;3.54%
30.11.2022;11.23%;0.25%;10.18%;9.28%;23.58%;3.72%;-1.14%;7.10%;2.43%;6.76%;15.42%;11.57%;8.33%;3.19%;11.17%;10.74%;12.48%;-1.13%;8.12%;9.07%;11.95%;3.76%;1.69%;12.04%;6.86%;6.88%;7.20%;-27.33%;5.34%;6.65%;10.10%;13.84%;7.99%;17.74%;18.14%;2.74%;3.20%;5.76%;8.06%;1.93%;7.37%;3.83%;14.58%;11.70%;-11.09%;-4.19%;12.52%;13.74%;1.07%;10.15%
31.12.2022;-6.09%;-4.69%;0.27%;-0.78%;-0.94%;-10.17%;-6.57%;-8.05%;-3.25%;4.21%;4.20%;3.32%;-4.59%;0.98%;-2.25%;-4.89%;-6.31%;-4.17%;-13.18%;2.42%;-9.38%;0.16%;-9.24%;-2.10%;-4.19%;0.49%;-5.29%;-21.44%;-5.12%;0.55%;-5.29%;-12.43%;-8.25%;-3.24%;-6.84%;-6.09%;-2.39%;-1.88%;-4.70%;3.26%;-2.97%;-7.48%;-6.75%;-4.60%;-1.81%;-9.69%;-6.51%;-6.71%;-4.54%;-1.52%
31.01.2023;17.92%;-11.12%;1.82%;-1.99%;4.17%;-10.25%;11.60%;10.88%;2.64%;-0.57%;5.17%;10.69%;11.78%;-0.54%;-0.35%;9.19%;8.89%;7.43%;5.07%;-2.71%;11.21%;-0.10%;8.47%;8.42%;4.62%;5.65%;8.08%;14.98%;5.85%;17.10%;10.18%;28.37%;27.20%;-2.31%;3.31%;13.37%;9.15%;-1.59%;8.51%;-3.92%;18.34%;18.54%;16.08%;4.34%;8.39%;-0.73%;4.53%;4.72%;2.44%;-0.04%
28.02.2023;-2.91%;-4.26%;-7.62%;-5.13%;-11.11%;-12.90%;-12.49%;6.33%;-2.93%;-7.02%;-6.63%;-6.63%;-1.61%;-6.06%;-6.59%;-4.24%;-3.71%;0.54%;-2.32%;-3.78%;-4.60%;0.53%;0.65%;-2.47%;-6.23%;-9.92%;-4.71%;-9.53%;-3.47%;-14.67%;-2.09%;-1.27%;-7.80%;-0.34%;0.98%;-4.32%;4.23%;0.63%;-0.36%;-3.55%;-3.24%;-4.48%;-0.89%;-1.66%;-3.59%;-3.64%;-4.36%;-4.17%;-4.59%;3.27%
31.03.2023;5.00%;0.26%;-5.12%;4.09%;0.07%;1.89%;-17.71%;-7.50%;-1.47%;4.57%;13.83%;5.54%;1.35%;-0.51%;7.66%;6.26%;-1.37%;-8.66%;-0.02%;1.96%;-7.81%;-9.95%;-27.25%;0.97%;2.33%;-6.48%;-3.10%;-29.52%;-6.02%;-2.92%;-7.85%;-8.11%;-4.40%;7.19%;1.27%;0.18%;-0.46%;2.08%;-0.42%;6.78%;-15.01%;-6.24%;6.05%;-5.53%;8.54%;6.65%;-0.12%;-1.74%;2.25%;5.51%
30.04.2023;-1.59%;-2.33%;7.91%;3.42%;2.78%;17.20%;0.10%;-4.71%;-1.96%;1.08%;1.82%;12.07%;-4.15%;3.17%;2.58%;5.03%;0.57%;5.92%;-1.17%;-1.00%;0.78%;-1.51%;1.06%;6.23%;-11.05%;2.61%;-0.45%;-3.64%;1.48%;5.32%;-10.94%;-4.09%;2.54%;-1.33%;4.65%;-9.75%;-3.77%;2.85%;4.72%;-2.23%;-4.07%;7.79%;-15.35%;1.97%;3.83%;12.23%;1.23%;-2.84%;11.79%;9.50%
31.05.2023;-6.31%;-9.88%;-8.43%;-9.24%;-8.93%;-14.96%;-9.15%;-9.70%;-13.39%;-7.23%;-2.96%;-3.07%;-9.14%;-4.64%;-5.61%;-8.62%;-8.88%;-2.03%;-6.87%;-6.42%;-11.17%;-5.28%;-8.31%;-8.64%;-3.83%;-17.64%;-5.11%;-1.99%;-3.84%;-13.45%;-8.34%;-11.24%;-10.35%;-0.78%;-6.76%;-11.29%;-2.06%;-0.33%;-4.43%;-5.42%;-6.23%;-13.53%;9.28%;11.28%;10.45%;-7.29%;0.64%;-8.01%;-3.56%;-5.17%
30.06.2023;13.43%;7.19%;9.00%;0.34%;10.89%;11.49%;17.93%;0.45%;20.41%;1.74%;2.80%;13.76%;10.75%;1.85%;-2.70%;2.46%;8.20%;8.04%;3.96%;4.64%;9.32%;5.84%;4.16%;2.24%;7.68%;0.74%;8.28%;22.74%;2.86%;11.68%;2.69%;23.77%;18.45%;5.01%;13.06%;16.10%;18.37%;5.45%;16.14%;0.99%;7.19%;24.60%;10.84%;15.17%;6.45%;8.87%;1.17%;6.22%;10.24%;8.32%
31.07.2023;-0.66%;11.99%;3.19%;5.24%;2.10%;-0.46%;17.28%;10.93%;5.93%;3.50%;1.59%;3.93%;-1.59%;4.32%;4.48%;3.16%;2.76%;4.55%;8.13%;0.86%;5.67%;1.88%;14.74%;-2.36%;4.77%;1.91%;12.21%;8.40%;-1.90%;2.63%;8.70%;4.83%;2.25%;1.22%;-3.42%;-1.87%;1.63%;2.10%;-5.92%;1.57%;-0.60%;6.61%;1.00%;-2.64%;3.48%;-5.12%;4.17%;7.18%;1.89%;-5.00%
31.08.2023;-0.22%;-7.11%;2.63%;-7.92%;-3.67%;-10.69%;-0.24%;-2.11%;-12.24%;-8.44%;-5.88%;-6.75%;1.15%;-10.00%;-6.67%;-3.74%;-1.12%;-2.57%;-0.14%;-8.88%;-3.98%;-0.78%;-9.85%;-6.34%;0.11%;0.82%;-8.32%;-7.30%;-2.54%;-5.10%;-5.50%;-0.44%;-5.42%;-6.18%;-1.94%;-0.71%;-7.65%;0.91%;-1.86%;-4.23%;-5.56%;-5.38%;-4.94%;-1.47%;-7.47%;-3.54%;-5.18%;1.92%;4.73%;0.70%
30.09.2023;-9.22%;-4.82%;3.08%;-6.03%;-4.52%;-6.83%;-11.35%;-3.74%;-0.40%;-5.14%;-14.48%;-9.95%;-6.03%;-4.40%;-3.41%;-8.51%;-10.18%;-11.46%;-0.01%;-4.67%;-7.89%;-2.98%;-6.65%;-7.57%;-8.55%;-10.91%;0.12%;-4.21%;-11.85%;-15.80%;-9.09%;-9.58%;-2.75%;-5.08%;-8.45%;-0.71%;-8.47%;-3.39%;-4.89%;-15.00%;-3.02%;-11.87%;-7.20%;-7.69%;-1.70%;-5.79%;-8.49%;-3.46%;-6.03%;-5.47%
31.10.2023;5.02%;-5.57%;1.30%;1.52%;-0.20%;-14.54%;-8.88%;-2.35%;-5.79%;1.85%;-2.44%;-3.33%;-7.32%;-2.52%;2.17%;0.31%;-2.07%;1.51%;-1.70%;3.68%;1.28%;6.55%;-6.34%;-5.12%;-8.45%;-7.12%;-9.30%;-12.30%;-8.63%;-6.80%;-4.67%;-5.63%;-11.80%;0.21%;-5.89%;1.56%;-8.54%;0.42%;0.66%;-7.85%;-2.95%;2.17%;-17.58%;-3.21%;-5.20%;0.28%;1.16%;-4.77%;-1.07%;-1.22%
30.11.2023;8.10%;2.58%;5.45%;2.04%;-4.65%;10.82%;5.83%;2.69%;3.19%;4.01%;7.63%;21.85%;8.19%;7.58%;2.20%;5.79%;11.74%;-0.66%;4.55%;3.32%;4.39%;5.60%;16.24%;7.31%;5.25%;0.32%;7.36%;10.95%;6.03%;9.43%;19.80%;14.57%;9.55%;1.79%;15.22%;9.20%;4.37%;9.88%;6.05%;-4.05%;12.23%;6.44%;10.32%;8.25%;17.84%;7.88%;5.27%;11.30%;7.43%;5.82%
31.12.2023;8.96%;-1.87%;-0.17%;-7.20%;0.77%;7.58%;22.83%;0.22%;7.25%;2.80%;11.89%;18.89%;8.93%;5.48%;1.46%;6.29%;6.72%;15.72%;5.00%;-0.07%;7.37%;-1.58%;12.54%;-0.22%;7.22%;15.12%;7.64%;12.98%;7.59%;16.77%;6.04%;1.96%;14.75%;-4.57%;5.43%;7.45%;12.84%;0.86%;5.43%;15.85%;5.94%;8.46%;17.37%;6.09%;1.31%;7.19%;2.14%;3.51%;-5.29%;-2.28%
