date;AOS;ADM;AFL;AEE;APD;BAX;BXP;CINF;CMI;CMS;COO;DHI;DOV;DTE;ED;EIX;EMN;ESS;FDS;FE;FRT;GL;HBAN;HOLX;IEX;INCY;JBHT;LNC;MAA;MHK;NTRS;NUE;POOL;PNW;PPG;RHI;ROK;ROP;SNA;SJM;STT;SWK;TER;VMC;TTWO;ROL;ATO;AVY;BRO;CHD;portfolio
28.02.2002;-6.83%;-0.65%;-1.61%;-4.97%;4.86%;-0.63%;2.81%;4.44%;10.32%;-4.51%;0.94%;6.57%;3.61%;1.02%;-0.46%;2.27%;9.56%;2.29%;-11.45%;-1.61%;3.50%;6.04%;5.37%;-2.07%;5.72%;-25.49%;-15.55%;0.08%;2.01%;14.50%;-7.31%;-5.52%;4.83%;2.77%;5.68%;-0.80%;2.60%;-6.32%;5.71%;9.12%;-5.73%;13.84%;12.22%;4.16%;0.38%;-0.15%;5.69%;7.56%;0.63%;4.99%;
31.03.2002;10.89%;0.95%;15.01%;4.93%;6.49%;7.28%;4.73%;8.58%;14.39%;5.50%;0.23%;-5.36%;3.97%;9.85%;4.11%;6.01%;10.89%;10.08%;17.89%;-4.58%;2.03%;0.25%;6.78%;20.89%;3.35%;8.28%;21.13%;-0.94%;1.95%;-4.51%;11.07%;13.70%;5.55%;11.81%;7.86%;13.49%;2.51%;6.40%;-0.41%;-2.77%;9.23%;-7.85%;17.67%;-1.13%;7.89%;5.61%;7.24%;-4.64%;-10.08%;-4.42%;
30.04.2002;22.20%;-4.74%;1.36%;-0.86%;-6.60%;-4.40%;0.28%;7.89%;-9.91%;-14.45%;11.81%;2.65%;-9.12%;0.83%;4.01%;8.36%;-8.74%;1.11%;-13.68%;-3.70%;6.98%;1.49%;3.83%;5.05%;-2.81%;-31.01%;-7.88%;-5.58%;2.26%;7.06%;-11.37%;-8.73%;0.92%;-3.37%;-4.74%;-11.04%;7.03%;-7.54%;-6.96%;2.66%;-7.53%;0.50%;-16.43%;-3.20%;24.88%;-4.27%;1.40%;5.50%;5.73%;-2.92%;
31.05.2002;-3.76%;9.65%;7.56%;4.69%;4.37%;-5.62%;5.18%;-3.16%;-13.49%;-6.71%;-5.64%;-4.96%;-4.48%;3.22%;0.41%;2.81%;4.88%;0.29%;-6.40%;3.63%;1.67%;-1.07%;-1.58%;1.66%;5.77%;-10.60%;4.35%;-5.84%;-0.53%;1.85%;-2.45%;14.06%;-7.67%;-7.64%;9.31%;-6.02%;2.19%;-15.05%;-0.25%;-4.03%;-9.10%;-8.39%;-17.81%;3.93%;2.27%;3.47%;-3.30%;2.06%;7.38%;21.57%;
30.06.2002;4.73%;-11.77%;-0.30%;-1.62%;0.64%;-17.23%;-2.56%;2.53%;-9.39%;-38.10%;-5.82%;6.40%;-1.29%;-4.62%;-3.40%;-8.90%;1.41%;4.89%;-8.54%;-2.16%;1.13%;-5.35%;-2.75%;-12.30%;-11.61%;-0.95%;8.01%;-6.29%;2.81%;-6.09%;-14.97%;-2.44%;-5.13%;-1.52%;9.09%;-5.59%;-8.27%;-4.36%;-5.33%;2.98%;-3.79%;-3.13%;-13.22%;-7.96%;-19.79%;-2.44%;2.59%;-4.01%;-11.52%;-9.70%;
31.07.2002;-7.88%;-8.52%;-1.84%;3.14%;-11.95%;-10.21%;-5.22%;-13.42%;-2.42%;-26.05%;-6.71%;-14.71%;-16.14%;-7.16%;2.63%;-22.94%;-4.58%;-5.45%;-12.43%;-7.88%;0.30%;-5.13%;2.47%;-11.61%;-7.01%;-14.86%;-10.84%;-12.64%;-3.74%;-22.80%;-9.29%;-13.91%;-10.48%;-13.92%;-7.27%;-14.38%;-7.41%;-20.24%;-8.49%;-1.85%;-4.65%;-12.00%;-36.17%;-7.67%;0.73%;0.29%;-9.34%;-0.36%;-8.67%;-10.53%;
31.08.2002;6.43%;4.19%;-2.55%;0.80%;6.01%;-9.07%;1.56%;-0.90%;-7.77%;30.05%;3.39%;-6.49%;-2.11%;4.76%;-5.04%;-8.55%;1.24%;3.53%;-4.87%;7.32%;-1.10%;3.31%;2.28%;-15.95%;0.45%;-1.13%;-9.92%;1.78%;0.16%;4.21%;7.31%;-10.37%;11.15%;-0.49%;-1.97%;-13.18%;-0.43%;17.10%;4.01%;8.51%;1.93%;-3.35%;-15.67%;-3.51%;21.02%;-2.60%;0.89%;1.46%;1.67%;11.67%;
30.09.2002;-6.67%;3.14%;0.45%;-5.45%;-10.45%;-15.82%;-1.80%;-10.45%;-19.95%;-22.12%;15.66%;-10.04%;-11.25%;-5.15%;0.13%;-16.53%;-14.93%;-6.36%;7.27%;-8.55%;0.00%;-8.27%;-9.91%;-8.84%;-8.35%;-24.18%;-0.67%;-17.54%;-1.15%;0.30%;-11.75%;-24.26%;-0.76%;-16.91%;-19.98%;-8.37%;-10.86%;-0.72%;-17.96%;1.54%;-10.80%;-5.65%;-24.11%;-6.77%;15.54%;-2.11%;1.65%;-9.25%;2.74%;6.17%;
31.10.2002;-22.73%;8.87%;-0.81%;-1.56%;5.73%;-18.10%;-2.47%;7.43%;1.44%;-2.85%;0.95%;3.49%;-1.18%;12.21%;5.84%;0.50%;-3.86%;-2.50%;3.01%;8.82%;-0.65%;4.50%;4.83%;26.12%;5.22%;6.47%;17.58%;-0.13%;-5.26%;7.85%;-7.30%;11.72%;3.98%;2.67%;5.21%;5.23%;1.72%;11.88%;13.36%;-0.25%;7.39%;-0.92%;26.15%;-7.19%;-11.10%;21.91%;2.33%;9.23%;1.33%;4.31%;
30.11.2002;22.03%;-2.13%;1.35%;2.35%;0.05%;27.86%;3.84%;1.34%;31.22%;27.08%;6.04%;-0.52%;23.88%;-1.69%;-6.62%;10.35%;7.68%;7.46%;12.98%;-2.37%;3.57%;4.00%;3.49%;11.33%;13.63%;8.30%;-0.65%;16.62%;8.15%;15.05%;11.14%;19.22%;10.56%;14.45%;6.49%;17.66%;27.19%;9.51%;14.93%;6.88%;8.77%;11.03%;35.34%;12.46%;16.10%;-1.35%;1.36%;3.53%;13.22%;-12.90%;
31.12.2002;1.35%;-6.57%;-2.17%;0.53%;-3.32%;-12.47%;-0.57%;-2.47%;-9.63%;-3.02%;-10.96%;-9.21%;-5.74%;4.67%;9.15%;6.85%;-6.03%;-0.29%;-8.36%;5.27%;3.04%;-1.64%;-4.39%;-11.26%;-3.68%;-14.77%;6.51%;-10.13%;-1.81%;-7.56%;-9.43%;-17.79%;-7.33%;6.13%;1.01%;-18.02%;-0.74%;-13.19%;-5.26%;2.34%;-13.33%;-3.04%;-20.62%;-0.01%;-21.52%;9.31%;6.01%;-5.21%;-5.92%;1.28%;
31.01.2003;-3.78%;-2.82%;7.54%;-3.89%;-2.56%;2.55%;-0.94%;-4.13%;-12.19%;-39.94%;2.46%;10.09%;-10.25%;-8.64%;-6.77%;4.05%;-5.79%;0.77%;-3.82%;-5.37%;1.43%;-1.72%;2.26%;-18.84%;-10.83%;-4.39%;-5.70%;2.12%;-2.66%;-7.50%;-2.38%;-2.93%;-5.03%;-8.62%;-2.63%;-5.90%;11.30%;-4.89%;-9.28%;0.48%;1.85%;-23.02%;-20.14%;-9.20%;-9.79%;15.09%;-3.95%;-1.89%;-7.86%;-4.11%;
28.02.2003;-0.25%;-9.54%;-3.52%;-0.86%;-6.49%;0.75%;3.62%;-0.98%;-2.96%;-20.63%;13.43%;-3.79%;-2.48%;-1.15%;-2.30%;0.24%;-5.96%;0.93%;-5.88%;-5.45%;4.53%;1.39%;1.21%;-27.04%;-4.52%;-22.48%;-11.18%;-11.29%;0.37%;-6.26%;-5.99%;4.23%;-1.19%;-0.62%;-4.98%;-11.68%;-0.17%;-16.94%;-2.00%;-14.37%;-6.92%;-3.04%;11.55%;-6.90%;-1.32%;7.82%;-5.00%;-3.68%;-3.22%;2.12%;
31.03.2003;3.96%;-0.42%;2.79%;0.15%;6.89%;-34.34%;1.88%;-1.04%;2.94%;-2.00%;2.93%;4.86%;-4.59%;-6.73%;0.07%;10.76%;-9.94%;2.55%;27.06%;8.09%;3.62%;-1.40%;-3.18%;19.09%;4.62%;-11.54%;9.70%;-1.16%;1.67%;-2.92%;-4.90%;-8.25%;8.43%;8.84%;-1.95%;-0.60%;-9.35%;0.00%;0.09%;2.63%;-14.17%;-7.05%;0.43%;-3.91%;6.60%;9.66%;1.28%;2.21%;8.85%;2.15%;
30.04.2003;11.27%;2.59%;2.06%;6.66%;4.49%;23.39%;5.08%;5.82%;10.20%;41.27%;-6.69%;23.44%;18.66%;5.65%;1.04%;6.57%;6.90%;6.76%;7.24%;7.08%;3.12%;8.24%;5.17%;4.53%;9.83%;14.72%;28.34%;14.14%;8.44%;15.71%;15.98%;7.57%;11.11%;-0.06%;7.61%;22.31%;10.14%;6.03%;18.54%;3.75%;11.21%;1.19%;-0.34%;15.68%;0.94%;5.17%;7.15%;-9.08%;14.24%;3.66%;
31.05.2003;7.07%;8.03%;0.61%;11.03%;1.21%;10.17%;6.94%;0.62%;26.45%;27.13%;23.73%;10.93%;5.46%;7.47%;10.60%;11.58%;7.07%;3.67%;10.63%;9.13%;7.07%;-0.08%;5.73%;39.00%;8.79%;46.36%;7.53%;10.12%;4.55%;4.04%;8.66%;16.62%;-2.42%;15.40%;0.25%;4.12%;3.73%;20.30%;3.61%;3.78%;9.36%;16.35%;47.84%;4.78%;12.31%;-14.91%;8.65%;4.66%;-0.89%;1.02%;
30.06.2003;-11.42%;8.11%;-6.37%;-3.08%;-4.57%;2.60%;4.48%;-0.13%;5.73%;2.27%;0.72%;7.19%;-0.71%;-10.82%;2.12%;0.92%;-3.12%;0.46%;14.60%;5.63%;-3.03%;-3.55%;-4.78%;4.64%;5.07%;-3.19%;2.56%;2.39%;2.90%;-3.78%;9.01%;2.54%;6.77%;-1.08%;5.28%;11.74%;1.55%;1.39%;-3.76%;6.62%;2.85%;-0.36%;0.93%;1.88%;12.07%;-8.35%;1.49%;-9.52%;-8.17%;3.20%;
31.07.2003;18.69%;2.10%;4.33%;-3.96%;12.35%;6.19%;0.28%;6.81%;29.09%;-19.75%;0.90%;0.18%;22.20%;-6.40%;-8.25%;-0.12%;16.17%;7.30%;4.43%;-10.30%;10.62%;9.10%;5.78%;6.95%;2.10%;8.02%;23.46%;4.80%;5.89%;21.39%;5.66%;1.37%;12.74%;-8.36%;11.29%;14.63%;8.39%;7.26%;-2.45%;0.38%;16.91%;2.64%;-4.97%;8.50%;-6.00%;-0.64%;-1.73%;8.19%;-4.62%;-1.01%;
31.08.2003;7.96%;5.56%;-0.22%;1.77%;1.81%;1.77%;-0.79%;2.67%;7.58%;2.62%;5.82%;10.55%;3.85%;-2.24%;-0.45%;14.93%;-1.35%;3.71%;5.54%;-15.16%;0.32%;-0.45%;-2.49%;17.07%;5.22%;-24.57%;5.65%;-4.30%;4.86%;8.23%;-3.50%;4.24%;5.70%;1.16%;-2.76%;2.44%;5.34%;7.21%;4.17%;1.10%;-4.25%;6.85%;8.39%;2.96%;11.98%;-4.27%;-0.08%;1.46%;0.00%;-1.39%;
30.09.2003;-21.98%;-5.06%;1.16%;0.96%;-4.69%;3.42%;1.21%;-0.87%;-10.30%;10.49%;9.87%;5.35%;-6.60%;5.67%;4.55%;1.27%;-6.45%;-0.22%;-8.54%;10.23%;5.37%;0.69%;-0.60%;-17.02%;-6.03%;16.92%;5.39%;-0.11%;2.69%;-2.25%;0.26%;-10.76%;1.87%;3.50%;-4.14%;-12.32%;-2.94%;2.04%;-5.46%;4.76%;2.39%;-1.61%;4.32%;-3.04%;14.59%;-0.20%;-0.48%;-7.12%;-0.52%;9.78%;
31.10.2003;13.00%;9.46%;12.94%;5.61%;1.20%;-8.53%;3.28%;3.15%;6.68%;10.18%;6.63%;21.71%;10.32%;1.42%;-0.71%;3.19%;-1.89%;-3.32%;-1.60%;7.81%;4.35%;7.97%;9.75%;0.00%;2.03%;14.04%;-3.09%;12.86%;4.04%;3.93%;10.24%;20.03%;26.05%;2.99%;10.40%;21.08%;18.29%;13.48%;6.11%;3.82%;16.72%;12.94%;22.47%;11.02%;16.25%;13.90%;2.34%;4.08%;-1.07%;6.52%;
30.11.2003;11.56%;-0.42%;-1.40%;-1.16%;5.57%;4.67%;4.52%;-0.76%;-2.00%;-2.83%;5.06%;10.01%;-1.61%;2.25%;-0.42%;3.60%;9.89%;6.80%;-5.02%;0.76%;3.58%;0.77%;1.81%;10.59%;6.59%;14.58%;3.55%;-0.92%;6.59%;-2.75%;-3.46%;2.33%;2.11%;9.02%;1.42%;-5.72%;7.09%;1.64%;2.32%;4.93%;-2.67%;-1.89%;10.49%;0.36%;-16.65%;9.65%;0.61%;4.75%;3.28%;8.69%;
31.12.2003;-0.26%;6.96%;0.81%;4.24%;10.20%;9.71%;4.19%;2.58%;6.07%;7.98%;3.24%;-1.01%;3.96%;4.48%;8.19%;7.39%;10.82%;0.42%;-7.68%;2.70%;-2.34%;3.27%;2.32%;14.69%;5.34%;13.06%;2.78%;2.96%;2.19%;-2.14%;3.10%;-0.20%;-8.77%;1.65%;10.33%;4.85%;7.62%;-1.76%;8.31%;-0.87%;2.20%;16.70%;1.11%;7.58%;-12.93%;1.45%;-0.17%;1.71%;3.93%;-2.04%;
31.01.2004;-10.96%;2.89%;1.93%;6.49%;-5.12%;-2.56%;5.19%;4.39%;3.66%;3.05%;2.76%;-2.57%;3.95%;0.57%;1.91%;0.32%;2.09%;-2.06%;-0.42%;6.59%;8.91%;4.17%;0.03%;1.57%;0.26%;30.41%;-2.59%;9.36%;2.77%;-1.36%;2.99%;0.91%;-1.93%;-1.92%;-9.04%;0.64%;-8.51%;-1.56%;-3.38%;2.87%;3.70%;0.03%;5.70%;0.27%;0.62%;12.20%;5.35%;11.71%;6.29%;0.63%;
29.02.2004;0.12%;9.83%;10.11%;-1.84%;-3.35%;-0.10%;2.40%;3.88%;-2.62%;4.78%;-2.25%;13.44%;-5.15%;3.48%;0.78%;5.92%;6.17%;1.32%;-3.21%;2.96%;2.57%;10.13%;3.58%;14.16%;2.50%;-3.14%;4.03%;6.07%;5.72%;19.72%;4.61%;11.70%;13.10%;0.75%;0.79%;-4.34%;-6.48%;0.31%;2.73%;8.56%;-0.22%;2.24%;-8.36%;-0.84%;7.93%;-8.18%;2.93%;1.95%;6.46%;4.59%;
31.03.2004;-6.91%;-1.48%;-0.93%;-2.76%;3.90%;6.08%;6.01%;-3.44%;19.00%;-2.72%;14.14%;11.45%;-0.69%;1.71%;1.16%;5.20%;0.78%;4.02%;15.75%;2.18%;9.09%;3.20%;-4.76%;1.25%;2.07%;-3.82%;2.89%;1.92%;3.54%;-1.14%;-6.16%;-2.26%;2.79%;0.67%;0.06%;5.12%;14.40%;-0.62%;1.87%;4.86%;-2.98%;10.20%;-3.33%;0.86%;17.54%;11.21%;-1.83%;-1.83%;5.25%;4.11%;
30.04.2004;3.28%;4.09%;5.21%;-3.87%;-0.16%;2.46%;-12.44%;-0.70%;2.33%;-7.15%;0.00%;-18.71%;3.25%;-4.00%;-6.55%;-2.84%;0.86%;-5.80%;-6.58%;0.05%;-18.86%;-3.05%;-2.10%;-0.49%;8.67%;-4.33%;12.43%;-5.16%;-13.14%;-6.33%;-9.06%;-3.05%;7.92%;-0.74%;1.73%;15.45%;-5.71%;0.62%;4.45%;-0.91%;-6.12%;0.28%;-14.48%;-2.53%;-21.47%;-7.84%;-3.64%;3.85%;0.64%;3.79%;
31.05.2004;-1.03%;-5.30%;-3.86%;1.10%;0.32%;-0.66%;5.02%;4.70%;-2.62%;3.73%;2.22%;0.35%;-2.67%;3.05%;-4.73%;3.16%;8.86%;7.55%;9.93%;-0.26%;7.61%;4.13%;6.40%;2.03%;1.27%;-9.81%;3.41%;6.56%;11.40%;-3.76%;1.75%;10.86%;0.10%;4.33%;0.83%;2.60%;3.58%;9.29%;-0.44%;-6.50%;-0.78%;2.45%;9.37%;-3.20%;3.05%;2.69%;0.61%;-8.08%;2.49%;1.00%;
30.06.2004;7.95%;1.35%;0.76%;-2.81%;4.96%;9.76%;1.46%;1.80%;7.90%;5.92%;14.44%;-1.46%;8.49%;0.82%;2.73%;5.92%;-0.24%;4.27%;8.31%;-3.15%;4.24%;-0.72%;0.92%;13.08%;8.02%;6.56%;17.95%;-0.51%;7.40%;-1.23%;-1.56%;16.57%;12.09%;0.25%;5.30%;6.64%;11.34%;7.46%;0.54%;-5.64%;1.28%;4.66%;1.84%;6.86%;2.92%;-5.42%;4.59%;9.10%;7.99%;1.02%;
31.07.2004;-9.66%;-8.05%;-2.87%;5.54%;-0.78%;-12.87%;7.01%;-7.77%;11.09%;-1.10%;-5.84%;-2.71%;-5.75%;0.37%;3.04%;5.64%;-2.43%;-2.47%;-8.72%;4.52%;2.65%;-2.63%;7.16%;-14.32%;-6.58%;-19.76%;-0.44%;-7.51%;-5.38%;0.29%;-4.62%;9.28%;-8.38%;0.27%;-5.66%;-6.55%;-0.27%;-1.58%;-4.29%;-8.93%;-12.42%;-6.42%;-24.67%;0.15%;1.96%;0.61%;-1.68%;-5.37%;-1.35%;-3.49%;
31.08.2004;-14.50%;3.50%;1.16%;4.70%;1.22%;1.56%;4.88%;1.18%;-3.08%;6.31%;-2.52%;11.98%;-4.91%;2.86%;3.00%;0.30%;4.14%;11.91%;3.20%;2.92%;7.54%;-1.53%;0.98%;-7.03%;-3.91%;11.42%;-11.74%;4.46%;12.30%;4.60%;7.22%;-6.41%;2.33%;5.40%;1.39%;-11.93%;4.25%;-1.35%;-1.06%;9.97%;5.44%;2.03%;-24.74%;0.10%;4.83%;0.91%;0.48%;2.61%;5.60%;1.79%;
30.09.2004;-0.29%;6.83%;-1.98%;-1.37%;3.82%;5.30%;-0.16%;2.16%;10.31%;-0.83%;18.29%;7.32%;3.42%;2.11%;0.99%;-1.38%;2.19%;-2.58%;8.41%;3.07%;-3.04%;3.30%;0.97%;4.05%;10.55%;41.00%;9.64%;3.75%;-1.77%;3.21%;-5.23%;16.71%;-4.70%;-1.68%;3.33%;5.42%;-0.33%;4.19%;-12.57%;-2.87%;-5.38%;-1.69%;4.12%;7.47%;0.31%;4.25%;0.83%;6.47%;1.95%;-6.22%;
31.10.2004;8.99%;14.08%;-8.49%;5.44%;-1.68%;-4.35%;9.11%;1.97%;-5.16%;-1.68%;2.63%;-9.39%;1.03%;2.51%;3.35%;15.92%;0.79%;10.42%;3.40%;0.61%;9.07%;1.58%;-3.06%;4.20%;8.66%;8.00%;10.02%;-6.81%;0.98%;7.17%;4.72%;-7.28%;9.16%;2.70%;4.03%;2.95%;7.73%;7.31%;6.60%;0.20%;5.88%;5.36%;23.58%;-2.30%;0.33%;8.48%;2.46%;-7.51%;-8.62%;-2.99%;
30.11.2004;13.90%;9.45%;4.85%;0.87%;7.65%;2.89%;0.77%;7.31%;13.61%;8.97%;-1.17%;17.70%;3.00%;2.74%;0.92%;4.59%;14.56%;2.64%;3.63%;2.18%;5.69%;1.85%;1.29%;24.45%;8.77%;-1.25%;-1.62%;5.85%;1.85%;3.08%;10.58%;25.27%;8.02%;4.86%;5.84%;1.88%;13.46%;-0.02%;7.59%;2.20%;-1.09%;5.03%;3.02%;4.16%;6.04%;-6.83%;4.57%;-3.58%;-2.90%;14.70%;
31.12.2004;-0.37%;5.62%;6.17%;3.55%;1.26%;9.13%;7.46%;-1.21%;5.65%;2.45%;1.52%;14.48%;4.09%;-1.71%;1.04%;0.41%;6.16%;4.06%;13.30%;-5.58%;2.99%;4.06%;1.98%;9.92%;1.25%;-2.73%;11.65%;1.43%;4.46%;4.05%;3.27%;-1.06%;1.39%;0.48%;1.72%;9.11%;5.15%;-1.27%;9.58%;4.04%;10.23%;5.40%;0.06%;5.85%;-0.46%;7.45%;2.55%;2.90%;7.60%;7.90%;
31.01.2005;-9.45%;8.47%;-0.83%;1.28%;2.13%;-0.46%;-9.74%;0.31%;-7.30%;0.77%;8.70%;-1.31%;-8.68%;2.76%;0.27%;2.17%;-5.43%;-13.32%;-8.50%;0.63%;-7.77%;-4.45%;-6.38%;29.96%;-4.81%;-10.31%;-1.63%;-1.16%;-8.25%;-3.00%;-9.77%;7.55%;-6.83%;-6.10%;0.91%;3.09%;14.33%;-4.46%;-3.64%;-0.89%;-8.46%;-2.92%;-17.81%;3.42%;1.32%;-5.78%;1.28%;0.20%;-0.67%;2.41%;
28.02.2005;-2.49%;-0.41%;-2.99%;2.69%;6.30%;5.63%;3.50%;1.38%;-5.48%;15.29%;7.37%;10.26%;0.97%;0.94%;-2.55%;0.03%;6.63%;0.18%;-7.33%;3.72%;6.38%;-4.38%;-2.05%;3.36%;2.80%;-2.57%;7.25%;2.35%;0.77%;1.39%;-3.19%;11.00%;14.54%;1.25%;4.61%;-3.86%;9.71%;11.46%;-0.03%;5.38%;-2.14%;-2.75%;9.91%;2.44%;4.03%;2.90%;-0.47%;1.02%;7.46%;2.73%;
31.03.2005;9.86%;2.35%;-2.52%;-4.78%;1.07%;-4.71%;0.72%;-2.50%;-3.78%;7.41%;-11.48%;-10.91%;-1.86%;2.85%;-0.06%;6.90%;2.18%;-4.13%;0.22%;2.77%;-3.67%;0.17%;6.22%;-13.60%;2.15%;-21.76%;-7.25%;-3.65%;-2.82%;-6.06%;2.82%;-7.67%;-6.21%;1.82%;0.03%;-7.34%;-8.61%;1.39%;-3.26%;2.86%;-0.30%;-2.12%;-5.32%;-1.27%;6.63%;9.66%;-0.96%;2.67%;-0.67%;0.45%;
30.04.2005;-1.28%;-26.81%;9.10%;6.80%;-6.73%;9.18%;11.58%;-2.73%;-3.34%;-0.92%;-7.34%;4.31%;-3.78%;2.17%;2.61%;5.32%;-7.81%;11.21%;-15.90%;3.74%;11.79%;2.58%;-0.87%;11.61%;-7.68%;-4.10%;-10.69%;-0.38%;4.74%;-7.70%;4.08%;-10.85%;2.26%;-1.43%;-5.55%;-7.94%;-18.38%;3.31%;4.34%;-1.35%;6.16%;-4.38%;-24.52%;-6.67%;-9.73%;6.13%;-2.59%;-15.47%;-5.08%;1.55%;
31.05.2005;10.66%;10.34%;2.21%;5.57%;2.55%;-0.54%;0.50%;-1.60%;-0.07%;2.40%;-2.22%;13.34%;4.15%;3.46%;5.15%;1.24%;8.85%;5.33%;15.31%;1.79%;3.18%;-1.27%;-0.72%;3.46%;3.42%;16.49%;3.05%;2.06%;7.65%;7.21%;2.29%;3.64%;9.98%;6.49%;-3.20%;0.48%;11.12%;3.46%;4.04%;0.38%;3.83%;3.67%;18.06%;12.99%;9.48%;3.34%;7.57%;0.19%;1.85%;0.39%;
30.06.2005;-14.83%;8.18%;4.45%;1.32%;0.12%;0.54%;4.79%;0.20%;10.31%;13.83%;-7.86%;9.12%;-3.52%;-1.62%;4.23%;10.34%;-6.18%;3.82%;12.14%;9.64%;6.88%;-1.04%;3.52%;7.99%;0.52%;-6.29%;-4.23%;3.05%;12.15%;-1.10%;-0.96%;-13.86%;-1.81%;0.75%;-3.36%;0.40%;-4.74%;2.10%;0.13%;-5.25%;0.52%;2.08%;-7.99%;8.97%;-1.20%;-1.52%;2.95%;1.69%;1.03%;0.28%;
31.07.2005;1.09%;7.30%;4.21%;1.76%;-0.37%;5.85%;9.87%;4.99%;14.52%;5.18%;12.94%;9.23%;13.41%;1.59%;2.82%;1.45%;1.22%;11.67%;2.34%;3.47%;11.71%;0.13%;4.24%;14.69%;13.13%;11.47%;2.08%;2.94%;6.01%;6.45%;11.94%;22.20%;3.85%;3.04%;3.62%;35.72%;5.75%;7.54%;6.94%;1.34%;3.47%;8.12%;29.74%;8.08%;-3.30%;4.24%;1.25%;7.01%;-3.60%;3.73%;
31.08.2005;4.84%;-1.87%;-4.17%;-1.24%;-7.30%;2.70%;-6.57%;-0.70%;1.21%;1.64%;-0.19%;-10.13%;-1.36%;-2.62%;-2.60%;10.15%;-13.40%;-4.26%;-4.58%;2.51%;-5.19%;1.11%;-3.81%;5.79%;-0.11%;-7.65%;-7.67%;2.67%;-5.78%;-2.78%;-1.89%;1.86%;0.44%;-0.87%;-3.15%;-0.62%;1.03%;0.52%;-3.22%;0.32%;-2.83%;-6.50%;8.18%;2.29%;-3.29%;-5.89%;1.47%;-5.70%;9.58%;1.62%;
30.09.2005;1.28%;10.00%;5.08%;-2.62%;-0.47%;-1.14%;-0.35%;2.35%;2.11%;2.17%;11.73%;-1.68%;0.65%;0.20%;4.75%;5.00%;-2.08%;2.33%;0.83%;2.99%;-1.60%;0.17%;-6.34%;19.74%;-2.18%;-36.14%;5.20%;4.90%;3.82%;-6.01%;1.42%;4.44%;-4.32%;-1.89%;-5.33%;5.89%;2.10%;2.00%;2.47%;2.30%;1.22%;2.03%;-1.79%;3.73%;-7.18%;-0.46%;-3.50%;-1.96%;4.87%;-3.04%;
31.10.2005;13.61%;-1.18%;5.47%;-0.53%;4.42%;-4.11%;2.16%;2.33%;-2.98%;-9.36%;-10.14%;-15.27%;-4.44%;-4.74%;-6.28%;-6.94%;13.34%;0.78%;-0.48%;-8.86%;0.47%;0.00%;4.48%;-3.97%;-5.95%;6.17%;2.10%;-2.71%;0.30%;-2.74%;6.47%;2.16%;2.98%;-5.26%;1.32%;3.62%;0.47%;-4.05%;-0.28%;-5.83%;13.33%;3.33%;-17.94%;-12.41%;-6.52%;-2.56%;-6.90%;8.91%;9.34%;-5.12%;
30.11.2005;12.99%;-3.28%;0.46%;-0.27%;3.37%;1.60%;8.65%;4.61%;4.25%;-6.24%;-20.40%;15.81%;3.77%;1.02%;0.09%;3.11%;4.87%;2.02%;10.41%;-1.14%;3.84%;2.66%;3.01%;28.22%;10.62%;11.42%;15.35%;3.44%;5.51%;12.72%;-1.70%;12.08%;8.23%;0.60%;1.27%;3.74%;6.17%;4.66%;3.75%;-0.79%;4.45%;0.15%;8.05%;2.62%;-11.62%;6.99%;1.03%;3.78%;7.62%;-5.22%;
31.12.2005;-3.57%;5.00%;-3.08%;-2.33%;0.03%;-3.06%;-1.44%;0.38%;1.17%;3.79%;-6.39%;0.82%;0.51%;-1.03%;3.01%;-3.35%;-6.76%;0.55%;6.44%;5.30%;-3.40%;2.73%;-0.88%;6.65%;-6.86%;-3.96%;1.41%;2.02%;-0.14%;-1.14%;-1.65%;-0.54%;-4.17%;-0.34%;-3.91%;-0.78%;5.26%;0.28%;1.20%;-2.40%;-3.90%;0.08%;-0.41%;2.01%;-3.01%;-2.90%;-0.37%;-5.99%;4.66%;-0.40%;
31.01.2006;22.76%;27.74%;1.14%;0.27%;4.78%;-0.66%;6.54%;2.62%;8.44%;-0.28%;8.12%;4.45%;13.44%;-1.14%;1.47%;1.11%;-5.75%;8.74%;-3.11%;2.27%;11.17%;0.90%;-1.44%;35.71%;11.89%;-4.68%;5.12%;2.83%;5.26%;-2.23%;1.19%;27.48%;7.15%;3.05%;2.76%;-3.59%;11.68%;2.13%;6.84%;-1.14%;9.42%;2.70%;19.56%;6.10%;-10.40%;9.03%;0.46%;8.80%;-5.93%;11.41%;
28.02.2006;7.85%;0.70%;-1.49%;-0.18%;4.00%;2.71%;8.19%;-2.59%;11.28%;-2.70%;-5.34%;-8.36%;4.38%;2.61%;-2.43%;1.23%;2.32%;0.27%;-1.83%;1.96%;4.30%;-2.36%;3.66%;-7.05%;3.00%;15.52%;-0.24%;4.84%;7.64%;1.73%;0.98%;2.16%;9.00%;-2.54%;1.90%;-1.67%;3.18%;11.86%;-3.02%;-9.15%;3.34%;2.24%;-3.62%;9.91%;-1.77%;-9.87%;0.46%;0.44%;8.84%;-6.17%;
31.03.2006;14.04%;6.43%;-2.15%;-1.68%;4.72%;2.54%;10.13%;-5.16%;-2.66%;-8.03%;2.97%;-2.61%;1.65%;-7.41%;-3.97%;-7.17%;3.75%;9.11%;13.43%;-3.39%;7.91%;4.44%;0.33%;15.72%;10.41%;2.38%;-8.96%;-3.84%;0.83%;-6.69%;-0.42%;21.78%;8.14%;-4.75%;5.31%;7.72%;5.84%;7.90%;-1.37%;1.09%;-3.28%;1.04%;-7.62%;10.21%;19.77%;4.81%;0.91%;-1.90%;6.36%;7.10%;
30.04.2006;-10.19%;7.99%;5.34%;2.39%;2.50%;-2.86%;-4.63%;2.11%;-0.57%;2.86%;1.46%;-9.63%;2.45%;2.95%;-0.87%;-1.24%;7.12%;1.12%;-0.47%;3.70%;-8.31%;5.27%;1.14%;-13.88%;-2.63%;-30.73%;10.63%;6.39%;-3.20%;-0.77%;12.66%;4.35%;-0.41%;2.56%;5.95%;9.48%;0.76%;-2.41%;8.87%;-1.11%;8.43%;3.73%;8.70%;-1.95%;-8.63%;0.05%;0.80%;6.87%;-5.93%;-0.68%;
31.05.2006;-7.01%;14.39%;-1.56%;-1.75%;-5.36%;0.00%;-4.10%;7.50%;5.46%;-3.60%;-13.63%;-12.19%;-1.83%;-0.88%;2.27%;-2.90%;3.74%;-2.38%;1.74%;3.37%;0.22%;-1.86%;-2.61%;-17.16%;-4.54%;0.00%;3.03%;-2.62%;-3.59%;-7.99%;-5.04%;-3.26%;-7.56%;-0.54%;-4.14%;-2.91%;-5.77%;-1.19%;0.92%;5.60%;-4.93%;-7.08%;-7.65%;-8.13%;-4.46%;-2.72%;1.13%;-4.98%;-2.43%;-1.42%;
30.06.2006;5.48%;-0.47%;-0.70%;2.04%;-1.43%;-2.49%;6.79%;2.55%;11.22%;0.78%;-6.46%;-9.33%;1.56%;0.79%;2.12%;-0.61%;-4.22%;4.85%;5.46%;4.32%;2.37%;3.12%;0.26%;24.99%;-2.38%;10.31%;1.80%;0.46%;10.40%;-4.55%;-1.11%;3.07%;1.27%;1.32%;3.31%;2.54%;5.78%;-0.19%;-2.83%;8.56%;-6.46%;-2.74%;-10.53%;0.41%;-33.58%;0.01%;5.23%;-2.24%;-3.95%;0.91%;
31.07.2006;-7.55%;6.59%;-4.77%;3.28%;0.57%;14.25%;9.48%;1.05%;-4.29%;8.27%;-0.14%;-10.03%;-4.63%;5.19%;5.47%;6.84%;-7.31%;5.70%;-7.19%;3.30%;4.50%;-0.41%;4.36%;-9.02%;-7.94%;-7.39%;-17.42%;0.43%;2.46%;-1.89%;3.70%;-0.85%;-10.77%;7.77%;-6.76%;-22.95%;-13.93%;-3.32%;3.93%;-0.16%;3.75%;-3.36%;-5.67%;-14.14%;-1.29%;7.59%;3.08%;1.66%;7.43%;0.22%;
31.08.2006;-6.04%;-6.43%;2.11%;3.98%;3.69%;5.67%;3.49%;-0.98%;-1.86%;4.50%;13.08%;2.33%;3.14%;-1.37%;-1.43%;5.46%;5.68%;7.16%;0.46%;1.89%;2.10%;3.10%;-1.77%;-3.85%;-3.04%;19.95%;-4.10%;7.82%;6.90%;2.69%;-1.96%;-8.09%;-2.21%;8.05%;2.96%;-4.39%;-9.04%;2.74%;4.02%;8.96%;2.90%;4.10%;6.85%;17.38%;14.23%;0.52%;0.10%;5.65%;-4.62%;5.48%;
30.09.2006;-1.70%;-7.77%;1.84%;-1.42%;0.12%;2.43%;1.68%;3.04%;4.16%;-1.37%;7.04%;9.97%;-2.05%;-0.55%;1.27%;-4.58%;2.99%;-3.24%;10.29%;-1.32%;0.31%;1.45%;0.04%;0.79%;2.52%;-17.22%;5.70%;2.27%;1.36%;5.04%;4.36%;1.27%;1.39%;-1.94%;6.69%;10.07%;3.44%;-3.54%;2.59%;-0.76%;0.97%;5.55%;-6.27%;0.02%;16.89%;-0.31%;0.22%;-2.86%;2.23%;1.77%;
31.10.2006;-10.83%;1.64%;-1.84%;3.71%;5.50%;1.12%;4.06%;-4.47%;6.50%;3.12%;7.72%;-2.17%;0.13%;10.81%;4.65%;7.41%;13.72%;10.55%;4.80%;5.35%;8.71%;-2.27%;3.08%;10.64%;8.94%;12.53%;4.19%;1.98%;3.97%;-2.35%;0.91%;19.47%;6.44%;6.13%;1.97%;7.59%;6.71%;6.95%;5.57%;2.19%;3.26%;-3.81%;6.53%;4.13%;-1.89%;2.51%;7.64%;5.60%;-4.25%;3.73%;
30.11.2006;2.28%;-8.83%;-1.74%;1.13%;-0.76%;-2.68%;9.57%;-3.00%;-5.56%;8.86%;-6.35%;14.43%;5.89%;3.65%;-0.27%;3.47%;-2.53%;-0.93%;3.89%;1.68%;6.28%;2.71%;-0.41%;3.90%;2.57%;10.08%;1.06%;1.04%;-4.87%;6.51%;-3.00%;2.47%;-0.02%;4.34%;-5.99%;5.58%;4.97%;7.37%;1.00%;-1.88%;-3.21%;7.07%;6.28%;8.89%;24.02%;1.25%;6.64%;6.86%;-0.89%;3.30%;
31.12.2006;4.95%;-8.69%;4.59%;-1.79%;1.65%;3.69%;-4.42%;2.33%;-1.15%;3.02%;-17.55%;-0.56%;-2.18%;2.80%;0.89%;-1.09%;-0.12%;-2.11%;6.93%;1.54%;-0.21%;0.85%;-2.30%;-5.50%;-1.13%;11.45%;-4.67%;4.42%;-4.60%;-3.32%;6.55%;-8.67%;-4.15%;2.74%;0.57%;-3.61%;-5.72%;-2.09%;0.87%;1.38%;8.48%;-1.43%;0.40%;1.72%;2.36%;1.20%;-1.67%;0.68%;-2.52%;1.94%;
31.01.2007;2.10%;0.13%;3.50%;0.01%;6.74%;8.44%;19.12%;-0.54%;13.86%;-0.06%;7.26%;9.70%;1.18%;-3.16%;0.44%;-0.47%;-0.50%;12.42%;2.83%;-1.61%;10.66%;1.93%;-0.98%;17.28%;9.47%;27.23%;20.99%;1.11%;5.03%;10.10%;0.53%;19.36%;-6.56%;-3.75%;3.24%;9.64%;0.21%;3.34%;1.20%;-2.02%;5.68%;14.53%;-0.40%;13.32%;-2.14%;-1.31%;-2.10%;1.24%;0.39%;6.24%;
28.02.2007;1.23%;7.34%;-0.78%;-1.71%;0.20%;0.70%;-4.81%;-3.40%;0.03%;4.55%;-3.75%;-12.27%;-3.65%;-0.15%;0.62%;4.49%;0.87%;-3.78%;4.79%;5.46%;-3.14%;-1.45%;-0.56%;-0.72%;0.54%;-13.73%;5.69%;2.24%;-7.15%;6.19%;-0.74%;-5.69%;-4.10%;-1.79%;-0.06%;-4.00%;1.37%;2.45%;3.84%;4.32%;-7.80%;-2.95%;8.12%;14.54%;2.42%;5.41%;0.70%;-2.82%;-0.60%;5.83%;
31.03.2007;-1.11%;7.19%;0.01%;-3.64%;-1.14%;5.32%;-2.19%;-1.90%;7.80%;2.31%;5.90%;-13.25%;2.52%;3.46%;6.36%;4.53%;7.21%;-6.78%;3.37%;6.74%;0.14%;2.61%;-5.62%;4.70%;-2.17%;2.81%;-0.85%;-0.64%;1.86%;-6.25%;-0.27%;7.00%;1.99%;1.75%;6.91%;-5.04%;-3.08%;3.31%;-3.40%;8.26%;-1.16%;-0.38%;2.67%;0.27%;13.15%;0.38%;0.41%;-3.27%;-3.71%;5.17%;
30.04.2007;-0.31%;5.45%;9.09%;5.81%;3.97%;7.89%;0.73%;7.59%;27.36%;4.04%;5.10%;0.82%;-1.41%;6.84%;0.39%;7.17%;7.68%;0.24%;-2.13%;3.32%;0.14%;4.13%;2.70%;-0.16%;3.12%;17.00%;3.13%;4.96%;-4.11%;9.88%;5.11%;-1.65%;12.43%;0.08%;4.67%;-10.02%;-0.55%;2.15%;13.31%;4.69%;6.71%;5.86%;5.50%;6.17%;-4.82%;0.26%;1.41%;-2.61%;-4.81%;0.75%;
31.05.2007;3.58%;-9.46%;2.96%;0.95%;1.95%;0.37%;-1.60%;0.40%;2.25%;-1.46%;7.91%;5.37%;4.01%;4.53%;-4.76%;11.31%;-2.27%;-1.26%;3.77%;1.15%;-1.72%;2.85%;1.26%;-6.13%;8.16%;-8.04%;7.69%;2.49%;10.06%;13.20%;3.38%;6.43%;2.04%;-2.83%;3.53%;5.53%;14.29%;4.22%;-0.79%;3.37%;-0.87%;8.49%;-2.46%;-3.22%;7.41%;0.09%;2.11%;4.94%;1.20%;-1.42%;
30.06.2007;1.53%;-5.26%;-2.38%;-7.65%;3.05%;-0.88%;-11.71%;-4.45%;7.63%;-5.50%;-3.30%;-14.15%;2.58%;-8.81%;-6.52%;-3.69%;-2.77%;-8.59%;7.29%;-5.83%;-12.82%;-4.44%;1.25%;2.39%;2.23%;-15.37%;0.93%;-2.14%;-10.67%;-1.24%;-1.29%;-13.16%;-4.39%;-14.17%;0.56%;4.17%;2.51%;-2.16%;-6.11%;10.92%;0.19%;-4.00%;3.29%;-3.93%;-3.01%;-1.07%;-6.29%;1.85%;-3.31%;-2.96%;
31.07.2007;21.71%;1.54%;1.40%;-0.91%;7.97%;-6.36%;-6.85%;-8.96%;17.28%;-6.05%;-5.93%;-18.11%;-0.29%;-2.81%;-3.19%;-5.25%;7.73%;-6.75%;-3.45%;-6.15%;-2.04%;-8.15%;-14.55%;-6.35%;-6.05%;-11.33%;-4.74%;-14.98%;-14.01%;-10.70%;-2.39%;-13.50%;-13.89%;-5.95%;0.21%;-6.88%;0.79%;5.04%;3.60%;-12.33%;-1.68%;-8.41%;-10.75%;-16.43%;-11.72%;4.52%;-6.62%;-7.16%;2.23%;1.24%;
31.08.2007;-0.35%;0.30%;2.28%;5.84%;4.21%;4.11%;5.91%;7.50%;-0.24%;0.99%;-2.73%;-7.41%;-3.14%;3.08%;5.17%;-0.34%;-2.99%;9.49%;-9.18%;1.14%;11.88%;0.22%;-10.36%;2.61%;6.57%;9.77%;3.34%;1.49%;11.10%;-3.00%;-1.60%;5.38%;-2.86%;7.78%;-3.83%;-6.03%;0.67%;5.63%;-6.40%;-1.43%;-8.46%;2.55%;-5.10%;-5.97%;-9.36%;11.60%;0.14%;-2.53%;4.75%;-8.42%;
30.09.2007;-8.96%;-1.51%;7.42%;3.39%;8.61%;2.78%;3.83%;2.78%;8.24%;3.38%;7.51%;-14.45%;3.57%;1.32%;2.03%;5.20%;-0.04%;-0.19%;14.63%;3.91%;5.39%;1.23%;-1.34%;14.77%;-5.41%;22.43%;-8.59%;8.36%;0.52%;-6.88%;7.83%;12.42%;-23.22%;-0.83%;3.69%;-6.22%;-0.94%;3.49%;1.71%;-2.37%;11.08%;-1.08%;-7.32%;-0.43%;6.88%;0.78%;1.93%;-3.99%;-2.07%;4.87%;
31.10.2007;-14.79%;8.16%;10.06%;4.28%;0.49%;6.96%;4.97%;-7.42%;-6.20%;0.89%;-19.88%;-0.94%;-9.72%;3.52%;1.71%;5.41%;0.48%;5.83%;2.87%;10.04%;0.27%;4.56%;7.13%;11.36%;-2.67%;21.12%;5.40%;-5.46%;4.31%;4.97%;13.96%;5.37%;-5.60%;2.25%;-1.07%;0.77%;-0.91%;8.11%;0.61%;0.02%;17.42%;3.09%;-10.58%;-4.08%;9.95%;13.79%;-0.95%;1.54%;-4.22%;0.57%;
30.11.2007;-4.89%;1.59%;-0.22%;-0.39%;1.22%;-0.23%;-9.16%;0.50%;-2.55%;2.71%;2.45%;-5.67%;0.61%;-1.11%;2.89%;-3.73%;-3.57%;-15.95%;-11.12%;-1.64%;-5.70%;-5.15%;-12.40%;-2.27%;1.11%;-0.92%;-5.16%;-0.69%;-6.09%;-5.74%;7.69%;-4.53%;-9.58%;7.46%;-8.16%;-10.40%;-1.44%;-10.31%;-1.93%;-8.05%;0.15%;-9.38%;-11.75%;3.85%;-20.23%;-3.06%;-6.63%;-10.00%;-2.34%;18.62%;
31.12.2007;-0.96%;28.14%;0.33%;0.67%;-0.41%;-3.04%;-6.72%;-1.10%;9.19%;0.01%;-11.69%;11.34%;0.03%;-10.38%;2.08%;-4.66%;-4.86%;-6.02%;-10.96%;6.28%;-1.25%;-1.86%;-5.93%;3.39%;1.20%;17.13%;5.16%;-5.44%;-11.47%;-7.51%;-5.45%;0.02%;-6.44%;-1.05%;3.04%;0.69%;2.00%;-1.43%;-0.69%;5.30%;1.64%;-7.04%;-5.05%;-10.43%;23.16%;-1.94%;8.37%;1.98%;-4.20%;-3.50%;
31.01.2008;-0.17%;-5.28%;-2.46%;-16.48%;-8.74%;4.71%;6.88%;-1.64%;-24.08%;-9.84%;3.70%;31.06%;-12.58%;-1.96%;-10.81%;-2.02%;8.90%;7.26%;0.61%;-1.55%;-9.44%;0.74%;-7.30%;-6.24%;-13.56%;19.20%;12.89%;-6.92%;7.16%;7.42%;-3.87%;-1.36%;24.26%;-9.69%;-6.92%;2.74%;-17.49%;-10.59%;1.82%;-9.06%;1.42%;6.59%;6.29%;-1.06%;-10.89%;-7.86%;2.50%;-1.84%;-4.21%;-1.57%;
29.02.2008;4.67%;2.55%;2.16%;-4.56%;1.85%;-2.54%;-6.04%;-3.55%;4.20%;-8.17%;-13.18%;-18.71%;3.03%;-6.62%;-6.15%;-5.00%;-0.39%;1.38%;-6.07%;-5.10%;-2.94%;-0.97%;-9.14%;-6.29%;-3.07%;-17.28%;-11.99%;-4.98%;7.42%;-10.65%;-7.81%;11.64%;-22.69%;-5.93%;-5.19%;-2.99%;-3.85%;1.00%;1.63%;9.43%;-4.35%;-5.49%;9.10%;-10.42%;61.19%;-0.23%;-9.53%;-0.83%;-20.79%;0.45%;
31.03.2008;-9.77%;-8.47%;4.47%;3.14%;0.73%;-2.03%;6.85%;2.34%;-6.84%;-5.36%;0.70%;13.39%;1.12%;-2.31%;-1.58%;-0.77%;-5.11%;8.51%;2.56%;2.29%;8.75%;-0.25%;-12.03%;-7.81%;1.76%;6.05%;15.22%;1.74%;2.78%;0.28%;-1.72%;4.91%;-0.84%;-1.32%;-1.59%;-4.09%;5.47%;5.39%;2.47%;-0.52%;0.57%;-1.90%;3.59%;-4.60%;-3.70%;0.58%;-0.76%;-4.03%;-2.23%;1.61%;
30.04.2008;-5.87%;7.05%;2.65%;4.55%;7.50%;8.19%;9.94%;-4.63%;33.81%;7.68%;1.66%;-1.65%;18.41%;5.07%;4.79%;7.09%;18.49%;5.36%;11.43%;10.23%;6.28%;7.70%;-10.70%;5.00%;19.55%;3.24%;8.08%;3.38%;5.34%;6.40%;11.95%;12.26%;16.26%;-3.25%;1.42%;-7.93%;-5.56%;4.51%;16.64%;-1.44%;-8.42%;1.95%;7.00%;3.64%;2.82%;-9.95%;8.55%;-1.36%;10.47%;4.76%;
31.05.2008;17.52%;-9.90%;0.69%;0.20%;3.55%;-1.96%;-2.74%;-2.45%;12.40%;6.93%;15.57%;-17.95%;9.32%;9.75%;-0.72%;2.03%;4.23%;0.39%;7.80%;4.06%;-1.86%;-1.84%;-5.11%;-17.68%;6.24%;-10.51%;2.56%;3.38%;7.92%;-1.46%;2.55%;-0.93%;-5.59%;1.03%;2.70%;3.71%;7.97%;4.82%;4.40%;5.83%;-0.17%;0.70%;3.39%;11.78%;3.16%;-0.13%;-1.05%;7.03%;1.41%;0.19%;
30.06.2008;-9.18%;-14.73%;-6.12%;-7.08%;-3.00%;4.65%;-7.69%;-27.47%;-6.79%;-3.85%;-8.16%;-14.22%;-10.22%;-4.07%;-4.01%;-3.48%;-10.12%;-10.86%;-12.64%;5.33%;-14.41%;-7.51%;-35.24%;-9.28%;-5.15%;-21.63%;-4.20%;-17.84%;-8.82%;-14.62%;-9.78%;-0.17%;-13.32%;-8.91%;-8.22%;-2.05%;-24.91%;1.29%;-15.59%;-22.53%;-11.15%;-7.72%;-19.43%;-21.80%;-5.54%;-6.49%;1.84%;-14.83%;-10.36%;-0.87%;
31.07.2008;20.93%;-15.17%;-11.45%;-1.26%;-3.26%;7.68%;7.39%;11.06%;1.25%;-9.40%;-9.22%;2.49%;2.60%;-2.26%;1.56%;-5.37%;-12.40%;15.00%;2.32%;-10.66%;6.10%;-1.02%;23.85%;-15.28%;2.69%;21.68%;11.12%;5.25%;12.60%;-8.00%;14.43%;-22.85%;24.32%;9.10%;5.70%;5.51%;1.78%;-7.13%;8.23%;19.93%;12.36%;-0.14%;-15.36%;7.38%;-10.83%;15.25%;-3.99%;0.98%;1.04%;-2.63%;
31.08.2008;4.24%;-11.07%;1.96%;1.87%;-3.53%;-1.24%;6.53%;6.47%;-1.78%;0.52%;9.29%;12.05%;-0.50%;2.88%;3.02%;-5.01%;0.60%;-3.30%;8.74%;-1.24%;4.50%;3.15%;4.27%;14.89%;-1.66%;10.48%;-1.17%;7.40%;-11.71%;17.09%;2.84%;-8.25%;9.87%;6.57%;3.66%;1.23%;6.07%;-3.32%;1.30%;11.26%;-5.54%;7.80%;-0.43%;16.59%;9.96%;4.04%;4.04%;9.61%;15.65%;13.91%;
30.09.2008;-4.81%;-13.50%;4.07%;-6.76%;-25.43%;-3.14%;-8.60%;-4.05%;-32.73%;-7.49%;-5.62%;5.21%;-17.45%;-4.84%;6.54%;-13.11%;-8.72%;0.84%;-16.44%;-7.04%;12.81%;0.10%;9.15%;-8.91%;-16.32%;-25.22%;-8.45%;-15.66%;-2.03%;-2.40%;-10.19%;-24.76%;-3.30%;-2.22%;-6.44%;-2.91%;-20.40%;-3.59%;-7.17%;-5.94%;-15.95%;-12.95%;-16.29%;0.20%;-34.58%;7.21%;-2.19%;-7.02%;6.83%;-0.51%;
31.10.2008;-19.49%;-5.39%;-24.63%;-15.52%;-14.60%;-7.53%;-23.76%;-7.39%;-40.19%;-17.80%;-52.59%;-43.32%;-21.65%;-10.93%;0.84%;-10.12%;-26.07%;-17.05%;-25.76%;-22.14%;-27.87%;-30.15%;20.16%;-36.68%;-25.27%;-45.75%;-14.80%;-59.73%;-28.29%;-28.21%;-21.74%;3.73%;-25.38%;-8.02%;-14.99%;-23.76%;-25.90%;-20.38%;-29.83%;-3.44%;-23.48%;-21.04%;-34.70%;-27.14%;-27.68%;-7.43%;-8.83%;-21.27%;-5.09%;-4.83%;
30.11.2008;4.46%;32.08%;4.56%;9.65%;-17.84%;-12.55%;-24.66%;12.50%;-2.18%;-0.88%;-18.69%;-6.91%;-6.11%;5.35%;-6.76%;-6.15%;-18.54%;-11.13%;3.12%;12.31%;-5.60%;-13.25%;-15.34%;14.87%;-0.26%;-19.52%;-4.99%;-19.28%;6.82%;-36.46%;-18.50%;-11.92%;-1.03%;-2.27%;-11.42%;10.70%;12.58%;1.10%;-2.44%;1.82%;-2.86%;-2.90%;-25.69%;10.50%;2.45%;-1.42%;2.72%;-11.19%;-3.02%;0.59%;
31.12.2008;-9.84%;5.83%;-0.42%;-6.52%;5.26%;1.30%;3.00%;-0.58%;5.37%;0.37%;22.39%;2.91%;11.37%;-4.09%;-2.26%;-3.83%;-3.62%;-11.24%;11.14%;-16.26%;7.33%;23.65%;-4.25%;-7.04%;5.00%;13.47%;-2.35%;37.22%;0.35%;39.79%;13.62%;29.48%;5.26%;5.69%;-2.32%;0.33%;4.67%;-5.16%;10.28%;-3.64%;-6.60%;7.27%;11.35%;17.42%;-37.78%;4.80%;-3.58%;5.24%;5.41%;-5.44%;
31.01.2009;-6.91%;-5.03%;-49.37%;1.89%;0.99%;9.98%;-20.27%;-23.62%;-10.29%;16.22%;15.67%;-15.26%;-14.09%;-1.80%;4.68%;2.42%;-16.96%;-12.69%;-10.04%;2.90%;-17.51%;-32.66%;-61.76%;-9.79%;-6.38%;-22.69%;-15.23%;-19.69%;-20.51%;-25.27%;10.93%;-11.02%;-11.80%;4.17%;-11.43%;-18.59%;-19.23%;-5.23%;-23.36%;4.13%;-40.43%;-7.35%;13.98%;-28.92%;-7.14%;-13.72%;3.59%;-24.98%;-8.47%;-5.15%;
28.02.2009;-6.50%;-2.63%;-27.79%;-28.48%;-8.05%;-13.20%;-14.34%;-6.34%;-13.26%;-5.87%;16.10%;41.78%;-11.81%;-22.41%;-11.14%;-16.43%;-20.85%;-17.64%;-3.17%;-14.86%;-18.76%;-31.33%;-49.31%;-3.99%;-14.11%;-21.16%;-8.49%;-42.74%;-10.65%;-29.65%;-3.42%;-17.50%;-16.28%;-20.33%;-17.35%;-9.32%;-22.81%;0.69%;-21.84%;-17.79%;8.59%;-14.40%;-14.14%;-16.28%;-11.82%;1.28%;-11.08%;-16.84%;-11.81%;-8.10%;
31.03.2009;-1.37%;4.71%;17.00%;-2.48%;21.62%;0.61%;-5.55%;11.34%;23.33%;8.20%;20.24%;15.33%;6.79%;3.47%;11.02%;5.84%;30.48%;5.40%;30.29%;-8.33%;11.84%;27.33%;13.70%;15.64%;13.20%;1.30%;18.81%;-22.12%;19.26%;32.23%;7.69%;13.43%;0.98%;1.14%;20.66%;16.85%;9.97%;2.66%;7.60%;1.17%;21.80%;8.82%;6.05%;8.22%;34.89%;8.99%;7.43%;10.87%;12.53%;6.94%;
30.04.2009;23.47%;-11.38%;49.23%;1.12%;18.06%;-4.83%;43.68%;6.63%;33.60%;1.52%;8.74%;34.54%;16.68%;9.03%;-6.26%;0.01%;51.15%;12.62%;7.20%;5.96%;21.83%;11.82%;69.34%;13.52%;15.45%;0.85%;16.63%;68.01%;19.98%;58.39%;-8.60%;7.52%;34.65%;3.09%;19.38%;34.72%;44.64%;7.40%;35.14%;5.72%;10.92%;32.18%;35.62%;7.36%;8.74%;4.96%;6.88%;31.32%;2.91%;4.17%;
31.05.2009;-2.92%;11.78%;22.88%;1.04%;-1.70%;5.55%;-2.23%;-5.59%;-4.62%;-5.66%;-7.79%;-29.43%;2.14%;2.30%;-4.50%;2.56%;4.44%;7.25%;-1.29%;-7.60%;-4.62%;37.66%;40.50%;-14.74%;-7.06%;39.41%;9.35%;68.86%;-0.12%;-19.11%;6.05%;7.91%;-2.41%;2.99%;0.95%;-10.95%;-2.85%;-5.55%;-8.17%;2.18%;36.10%;-6.13%;20.37%;-6.86%;-4.96%;-7.17%;-2.87%;-4.11%;-0.92%;-7.61%;
30.06.2009;8.60%;-2.18%;-11.65%;7.01%;-0.29%;3.46%;-1.28%;-1.15%;9.16%;7.63%;-6.71%;2.05%;6.08%;5.79%;7.21%;7.59%;-8.54%;-8.61%;-5.38%;3.87%;-2.15%;-7.77%;6.63%;12.47%;5.22%;0.00%;-0.24%;-9.18%;1.16%;-6.77%;-6.89%;1.18%;-4.25%;9.04%;-0.13%;11.02%;5.64%;5.42%;-6.79%;21.90%;1.61%;-5.21%;-4.06%;-1.55%;9.73%;4.02%;5.75%;-6.82%;3.78%;8.21%;
31.07.2009;19.86%;12.51%;21.78%;3.83%;16.30%;7.02%;12.09%;9.90%;22.15%;7.12%;10.96%;23.82%;2.78%;9.54%;5.18%;3.75%;32.44%;6.21%;13.70%;6.32%;12.11%;5.45%;-1.92%;3.09%;11.03%;58.05%;-8.51%;23.13%;8.06%;44.56%;11.98%;0.87%;42.87%;6.00%;25.28%;4.95%;28.92%;5.54%;23.97%;2.82%;6.59%;19.72%;14.87%;10.16%;0.53%;5.89%;8.47%;5.66%;-3.76%;8.60%;
31.08.2009;-2.05%;-4.28%;7.29%;6.06%;0.58%;0.98%;14.52%;6.50%;5.37%;3.63%;-0.32%;15.70%;1.71%;0.93%;2.11%;3.37%;5.03%;14.77%;-2.93%;9.54%;9.33%;9.50%;11.49%;12.05%;-2.56%;26.73%;0.69%;19.19%;12.29%;-2.83%;-2.26%;0.16%;0.68%;4.68%;0.73%;6.05%;1.06%;-0.73%;4.74%;4.48%;4.33%;1.94%;4.70%;5.39%;10.29%;-2.62%;0.29%;15.60%;3.60%;-3.14%;
30.09.2009;0.13%;1.88%;5.92%;-6.27%;3.40%;0.16%;8.20%;1.05%;-0.74%;0.90%;8.82%;-14.65%;12.88%;1.04%;3.37%;0.51%;2.65%;6.66%;20.78%;2.67%;-1.60%;1.92%;3.29%;-0.73%;5.71%;2.43%;14.63%;2.65%;3.08%;-4.85%;-0.51%;5.55%;-6.20%;-0.27%;6.06%;-4.39%;2.51%;7.60%;-6.12%;2.11%;0.23%;4.30%;12.12%;8.60%;6.76%;6.01%;4.69%;17.28%;-3.21%;-0.44%;
31.10.2009;4.02%;3.08%;-2.92%;-2.32%;-0.01%;-4.74%;-6.58%;-0.91%;-3.91%;-0.75%;-5.79%;-3.94%;-2.79%;6.79%;-0.64%;-4.37%;-1.09%;-4.31%;-3.31%;-5.34%;-2.83%;-6.22%;-18.91%;-9.55%;1.72%;-12.74%;-6.44%;-8.03%;-2.90%;-10.19%;-13.18%;-14.59%;-11.88%;-4.57%;-3.06%;-7.27%;-3.87%;-0.84%;5.09%;-0.53%;-20.17%;6.84%;-9.51%;-14.87%;-2.14%;-4.08%;-1.17%;-1.00%;-4.12%;0.25%;
30.11.2009;6.28%;2.29%;10.94%;6.78%;7.52%;0.91%;10.22%;0.63%;4.27%;7.07%;19.56%;-6.20%;8.49%;8.46%;5.48%;7.01%;14.49%;6.08%;12.96%;-0.46%;8.96%;7.09%;0.26%;-2.10%;4.65%;41.43%;5.99%;-3.82%;7.64%;-4.09%;-1.51%;6.42%;-7.76%;13.84%;5.32%;-3.75%;6.20%;3.12%;-1.04%;12.04%;-1.62%;7.38%;5.85%;5.32%;2.55%;-1.71%;-1.65%;5.36%;-2.83%;3.80%;
31.12.2009;3.51%;2.07%;1.11%;7.54%;-2.25%;7.57%;0.13%;2.82%;2.51%;11.03%;13.83%;5.74%;2.42%;8.68%;7.36%;2.14%;0.20%;4.89%;-8.70%;9.25%;5.29%;1.08%;-4.45%;0.21%;5.13%;9.36%;1.62%;8.60%;3.81%;15.87%;5.88%;10.00%;6.31%;4.25%;-0.59%;20.33%;8.75%;0.63%;17.81%;5.21%;5.42%;6.05%;21.11%;9.19%;-10.67%;8.91%;8.63%;-2.33%;1.10%;2.64%;
31.01.2010;-1.87%;-4.28%;4.71%;-7.26%;-5.78%;-1.35%;-2.59%;2.13%;-1.53%;-3.13%;-7.35%;8.86%;3.05%;-2.37%;-3.72%;-3.35%;-5.46%;-3.57%;-4.36%;-6.09%;-4.02%;2.16%;31.59%;3.93%;-9.41%;17.23%;-4.99%;-1.21%;-2.82%;-13.00%;-3.02%;-11.86%;-3.77%;-2.08%;0.24%;0.71%;2.68%;-4.37%;-3.27%;-2.72%;-1.49%;0.17%;-12.95%;-16.10%;-7.66%;2.07%;-6.05%;-10.91%;-2.06%;-0.26%;
28.02.2010;6.88%;-2.04%;2.11%;-3.29%;-9.72%;-1.15%;4.72%;1.89%;25.73%;0.66%;13.51%;4.83%;5.55%;3.28%;-2.26%;-2.07%;5.34%;7.79%;5.08%;-11.39%;7.11%;3.92%;0.42%;14.47%;10.27%;-0.19%;15.72%;2.48%;12.13%;24.56%;5.48%;1.47%;8.82%;3.13%;4.87%;3.64%;12.13%;10.91%;3.28%;-0.65%;4.73%;11.71%;6.96%;-1.77%;3.66%;7.98%;-0.58%;-2.80%;-4.66%;11.43%;
31.03.2010;16.05%;-1.07%;10.44%;5.54%;7.83%;2.23%;11.06%;7.51%;9.44%;2.24%;-2.95%;2.24%;3.89%;2.72%;5.64%;4.72%;6.94%;4.71%;11.17%;2.42%;5.58%;15.08%;12.06%;7.48%;6.77%;30.68%;1.52%;21.92%;-0.29%;5.43%;3.70%;9.61%;13.31%;3.63%;7.21%;9.57%;4.81%;4.33%;3.38%;1.56%;0.51%;0.28%;11.81%;9.43%;2.60%;2.50%;5.30%;15.22%;7.27%;-0.11%;
30.04.2010;-1.79%;-3.32%;-6.13%;1.04%;4.52%;-18.47%;5.22%;-0.29%;16.59%;5.17%;0.03%;16.59%;11.70%;9.27%;1.48%;1.53%;5.84%;19.01%;2.52%;-3.12%;7.27%;0.34%;25.65%;-3.56%;1.51%;-3.52%;2.56%;-0.36%;6.72%;17.21%;0.00%;0.66%;9.02%;-1.03%;7.60%;-10.02%;7.74%;5.50%;11.17%;1.34%;-3.61%;8.88%;9.49%;21.25%;9.93%;0.32%;3.54%;7.88%;12.39%;3.44%;
31.05.2010;-9.37%;-9.56%;-13.07%;-5.01%;-10.05%;-10.57%;-2.76%;-4.40%;-5.88%;-9.72%;-5.22%;-17.02%;-14.04%;-5.52%;-5.77%;-5.85%;-9.76%;-0.56%;-9.53%;-7.02%;-4.77%;-3.75%;-8.88%;-16.67%;-8.70%;-4.09%;-6.17%;-13.47%;0.02%;-11.89%;-7.58%;-5.01%;-2.20%;-4.65%;-8.95%;-7.63%;-12.01%;-4.76%;-8.26%;-9.58%;-12.25%;-10.23%;-10.22%;-11.87%;6.64%;-2.25%;-8.32%;-12.43%;-2.68%;-4.97%;
30.06.2010;3.37%;2.74%;-3.09%;-3.61%;-6.15%;-3.77%;-6.96%;-4.85%;-3.95%;0.73%;7.95%;-19.14%;-6.35%;0.22%;2.57%;-1.98%;-11.64%;-7.31%;-1.22%;1.56%;-4.65%;-3.92%;-10.06%;-6.51%;-6.45%;-14.12%;-5.07%;-8.20%;-5.78%;-18.52%;-8.09%;-11.08%;-8.17%;3.56%;-4.95%;-6.39%;-7.69%;-3.55%;-6.83%;9.80%;-11.40%;-8.92%;-11.20%;-12.73%;-22.21%;-2.28%;0.95%;-5.45%;-1.97%;-4.51%;
31.07.2010;13.47%;5.96%;15.28%;8.46%;12.80%;8.46%;15.56%;8.00%;22.23%;8.67%;-2.34%;12.11%;14.79%;2.33%;7.01%;5.53%;18.29%;8.83%;11.96%;7.01%;12.26%;7.51%;9.57%;1.51%;12.60%;17.62%;8.63%;7.20%;9.73%;6.93%;1.21%;3.15%;0.96%;4.76%;15.00%;6.92%;10.31%;11.69%;9.19%;2.01%;15.11%;14.85%;10.36%;3.22%;13.89%;5.56%;7.25%;11.58%;4.60%;5.68%;
31.08.2010;-5.73%;12.61%;-3.94%;10.64%;2.00%;-2.79%;-0.61%;-3.19%;-6.53%;9.92%;3.89%;-6.90%;-6.69%;1.49%;3.06%;1.81%;-1.74%;0.63%;-1.93%;-3.10%;1.41%;-7.01%;-12.54%;0.28%;-6.92%;-3.92%;-7.41%;-10.22%;1.16%;-9.44%;-1.83%;-6.03%;-16.63%;6.02%;-5.24%;-14.30%;-5.56%;-6.91%;-7.70%;-4.80%;-9.87%;-7.55%;-16.54%;-18.74%;-19.02%;-6.23%;-2.41%;-9.29%;-4.90%;-7.61%;
30.09.2010;12.74%;4.12%;10.08%;1.18%;11.87%;12.13%;2.11%;8.06%;22.12%;3.94%;14.58%;8.77%;17.37%;-1.96%;2.74%;1.90%;20.23%;3.47%;10.65%;7.03%;2.99%;7.68%;7.36%;12.91%;19.20%;27.82%;5.95%;2.35%;3.21%;20.29%;4.57%;3.86%;9.47%;3.56%;11.46%;21.17%;21.52%;12.22%;13.61%;4.22%;7.35%;14.24%;24.05%;1.09%;22.17%;14.63%;4.58%;14.84%;6.45%;6.35%;
31.10.2010;-3.21%;4.39%;8.08%;3.43%;3.20%;7.45%;4.31%;3.60%;-2.74%;2.00%;6.75%;-6.21%;1.70%;3.00%;3.11%;8.28%;6.90%;4.21%;8.20%;-5.76%;1.21%;8.11%;-0.36%;0.12%;1.61%;4.19%;3.60%;2.34%;4.72%;7.58%;3.49%;1.02%;0.35%;-0.27%;5.36%;4.27%;1.04%;6.52%;9.65%;6.20%;10.92%;1.77%;0.90%;-1.11%;5.23%;11.42%;0.68%;-2.07%;10.40%;1.40%;
30.11.2010;5.90%;-13.00%;-7.85%;-0.90%;1.47%;-4.67%;-2.77%;2.38%;10.24%;-2.23%;8.43%;-3.74%;3.22%;-4.73%;-2.72%;0.11%;-0.97%;-1.88%;1.01%;-3.33%;-5.60%;0.33%;3.18%;2.31%;4.28%;-12.91%;1.53%;-2.41%;1.59%;-8.37%;1.35%;-1.26%;5.21%;-0.55%;1.64%;2.25%;6.01%;4.44%;3.78%;-1.60%;3.45%;-3.94%;5.52%;9.89%;3.75%;3.72%;2.11%;3.27%;2.60%;-0.91%;
31.12.2010;-3.37%;4.28%;10.18%;-1.85%;5.49%;4.26%;2.74%;5.11%;13.60%;4.69%;5.31%;19.26%;7.16%;1.73%;3.72%;4.49%;8.06%;3.05%;6.01%;7.04%;0.70%;3.95%;17.64%;14.76%;4.40%;14.13%;12.18%;16.46%;3.45%;8.03%;10.16%;16.11%;7.02%;2.55%;8.59%;10.92%;9.04%;5.55%;7.56%;4.44%;7.27%;12.33%;18.38%;11.34%;10.84%;10.01%;4.92%;13.38%;5.06%;6.05%;
31.01.2011;12.42%;8.61%;2.04%;1.98%;-3.55%;-3.60%;10.24%;2.39%;-3.75%;4.84%;1.77%;3.86%;9.67%;3.35%;0.69%;-5.24%;11.08%;2.48%;7.51%;5.67%;4.10%;4.29%;5.55%;5.84%;1.38%;-10.99%;0.47%;3.70%;0.41%;-2.13%;-5.69%;5.63%;8.16%;-1.79%;0.25%;2.48%;12.97%;1.65%;0.09%;-5.32%;0.84%;9.31%;18.80%;-4.06%;1.71%;-3.85%;4.49%;-0.59%;3.43%;-0.30%;
28.02.2011;-5.32%;13.80%;2.22%;-1.45%;5.44%;9.61%;1.64%;6.27%;-4.50%;-1.23%;7.87%;-4.44%;0.23%;1.77%;0.14%;2.32%;0.59%;6.71%;4.05%;-2.10%;4.66%;5.01%;-5.52%;1.31%;4.39%;-7.19%;1.49%;10.17%;2.96%;4.61%;-0.79%;4.47%;2.38%;5.04%;4.86%;1.72%;8.30%;8.45%;1.41%;10.75%;-4.28%;4.33%;11.69%;7.73%;28.77%;3.32%;3.74%;-5.16%;5.92%;9.64%;
31.03.2011;9.75%;-2.72%;-9.85%;0.39%;-1.98%;1.17%;-1.12%;-3.70%;8.66%;3.08%;12.34%;-1.30%;2.76%;3.99%;2.71%;-1.43%;6.33%;0.18%;0.08%;-0.45%;-3.11%;1.89%;-2.92%;10.01%;5.84%;15.86%;9.50%;-5.30%;-1.19%;5.23%;-1.59%;-4.05%;-3.41%;1.33%;8.40%;-3.65%;8.33%;2.77%;5.13%;4.43%;0.49%;1.57%;-4.40%;0.02%;-4.36%;3.84%;1.84%;5.78%;-1.30%;5.67%;
30.04.2011;-0.83%;2.80%;6.46%;5.88%;6.61%;6.44%;10.80%;-2.18%;9.63%;0.81%;7.85%;6.78%;3.50%;4.43%;2.76%;8.28%;8.53%;10.20%;4.47%;7.81%;8.25%;0.91%;2.41%;-0.81%;7.49%;16.59%;4.98%;3.96%;4.13%;-1.82%;-0.95%;2.85%;26.16%;1.40%;-0.57%;-0.88%;-7.95%;0.03%;2.85%;5.15%;4.01%;-5.16%;-9.60%;-0.88%;5.27%;3.30%;2.32%;-0.52%;0.19%;3.96%;
31.05.2011;-5.38%;-12.45%;-14.95%;1.36%;-0.45%;4.60%;3.65%;-3.98%;-12.43%;0.71%;0.01%;-2.09%;-1.19%;2.16%;1.80%;0.23%;-1.31%;1.57%;1.33%;11.66%;0.05%;-0.93%;-2.80%;-2.36%;-2.99%;-4.06%;-3.84%;-5.87%;3.57%;10.79%;-2.40%;-9.84%;-0.07%;5.59%;-6.31%;-9.10%;-4.61%;-3.37%;-2.35%;5.61%;-1.68%;1.69%;-0.56%;-10.42%;1.30%;-4.05%;-4.41%;1.44%;2.09%;1.96%;
30.06.2011;2.00%;-6.51%;-1.78%;-2.93%;0.52%;0.29%;-2.02%;-4.08%;-1.42%;-0.20%;5.78%;-5.11%;1.29%;-3.10%;1.46%;-1.55%;-3.57%;-1.69%;-7.47%;0.26%;-2.76%;-3.01%;-0.61%;-6.19%;1.12%;6.82%;2.99%;-2.93%;-1.58%;-9.82%;-5.80%;-2.65%;-0.96%;-1.50%;3.01%;-1.46%;4.83%;-0.20%;4.15%;-3.02%;-1.49%;-1.93%;-7.56%;-4.24%;-6.77%;1.65%;0.71%;-8.21%;-2.46%;-3.19%;
31.07.2011;-1.96%;0.76%;-1.33%;1.27%;-6.60%;-2.02%;1.62%;-5.02%;1.34%;-2.79%;-3.47%;3.12%;-10.81%;0.84%;-1.20%;-0.94%;-4.92%;4.56%;-10.00%;1.13%;3.34%;-5.54%;-7.63%;-7.93%;-9.53%;-7.92%;-3.93%;-6.98%;4.92%;-13.27%;-1.72%;-4.78%;-10.26%;-5.00%;-7.26%;1.29%;-17.29%;-2.00%;-8.99%;1.94%;-7.65%;-8.72%;-8.85%;-11.00%;-11.71%;-6.33%;0.54%;-18.33%;-15.00%;-0.49%;
31.08.2011;-4.91%;-6.25%;-18.11%;5.00%;-7.73%;-3.76%;-2.86%;2.16%;-11.40%;2.93%;-1.56%;-11.45%;-4.88%;1.44%;6.86%;-2.31%;-14.35%;2.27%;-4.55%;-0.90%;3.68%;-5.40%;-17.02%;-10.39%;-10.03%;-7.86%;-10.91%;-21.56%;1.88%;-4.77%;-14.43%;-7.23%;-3.07%;5.75%;-9.04%;-12.64%;-10.63%;-5.61%;-6.95%;-7.48%;-14.35%;-5.76%;-10.30%;2.16%;-2.00%;9.53%;0.33%;-7.73%;-3.67%;7.93%;
30.09.2011;-18.48%;-12.39%;-6.59%;-1.62%;-6.72%;0.29%;-14.57%;-5.69%;-11.73%;1.58%;5.15%;-13.73%;-18.51%;-3.05%;2.59%;2.85%;-17.16%;-16.38%;1.54%;2.77%;-8.99%;-8.77%;-4.38%;-8.59%;-16.19%;-13.07%;-10.13%;-24.67%;-15.75%;-13.40%;-8.95%;-12.31%;1.57%;-2.94%;-7.06%;-10.72%;-12.04%;-10.45%;-15.54%;1.79%;-9.46%;-20.25%;-9.01%;-20.70%;-3.78%;-10.18%;-2.19%;-13.84%;-14.94%;1.95%;
31.10.2011;16.02%;16.65%;29.01%;8.50%;13.63%;-1.50%;11.70%;11.53%;21.76%;5.20%;-12.44%;23.12%;19.16%;7.58%;1.49%;7.05%;15.50%;19.93%;11.75%;0.11%;8.58%;17.41%;8.78%;5.98%;13.77%;-1.43%;17.14%;21.88%;3.62%;22.70%;16.60%;20.72%;11.61%;6.15%;22.29%;24.55%;20.80%;17.69%;20.88%;5.67%;26.30%;30.04%;30.06%;13.53%;24.06%;16.41%;5.76%;7.00%;24.04%;-0.05%;
30.11.2011;6.11%;4.08%;-3.66%;6.05%;-2.77%;-6.04%;-3.65%;2.45%;-3.12%;0.48%;-11.60%;7.01%;-1.01%;1.04%;2.68%;-3.18%;0.84%;-6.94%;-6.23%;-1.09%;-0.37%;4.42%;1.35%;9.24%;3.38%;0.00%;8.06%;6.28%;-7.15%;3.63%;-7.02%;4.37%;4.38%;5.19%;1.55%;0.23%;10.91%;5.21%;-4.42%;-1.35%;-1.83%;2.47%;-6.01%;3.68%;-11.60%;1.93%;-0.32%;-1.47%;-5.17%;0.16%;
31.12.2011;2.19%;-4.49%;0.32%;-2.01%;1.72%;-4.22%;4.42%;2.73%;-8.25%;6.65%;15.12%;6.23%;6.27%;3.42%;5.45%;5.32%;-1.41%;5.77%;-6.09%;0.83%;2.62%;1.88%;4.57%;-0.57%;1.78%;9.01%;-1.12%;-3.77%;9.12%;9.70%;5.39%;0.36%;-0.82%;1.62%;-4.24%;8.03%;-1.65%;1.97%;-0.72%;3.51%;1.66%;3.99%;1.26%;21.34%;-2.87%;0.41%;-1.52%;9.42%;8.49%;3.82%;
31.01.2012;5.88%;0.10%;11.49%;-3.31%;4.04%;12.86%;5.04%;8.75%;18.15%;-1.13%;2.30%;10.39%;9.23%;-1.15%;-4.95%;-0.09%;29.74%;3.24%;1.19%;-4.70%;4.88%;5.25%;5.01%;16.45%;9.19%;17.92%;13.31%;10.92%;2.19%;2.19%;4.54%;13.46%;12.99%;-1.91%;7.29%;-2.71%;6.13%;7.51%;11.64%;0.78%;-2.37%;3.82%;19.96%;11.46%;15.13%;-3.74%;-2.82%;-4.45%;0.66%;-0.85%;
29.02.2012;6.72%;8.98%;-2.03%;1.36%;2.51%;4.78%;-2.40%;7.62%;15.93%;-1.92%;10.22%;3.02%;0.96%;1.47%;-1.46%;2.02%;7.57%;-2.78%;-1.04%;4.90%;0.94%;6.36%;2.27%;1.67%;3.61%;-4.18%;0.27%;15.78%;-1.36%;3.84%;7.87%;-2.16%;7.03%;0.61%;1.86%;2.67%;2.71%;-1.85%;8.18%;-4.39%;7.78%;9.43%;0.43%;1.60%;-0.96%;-5.28%;-5.18%;12.34%;4.11%;5.22%;
31.03.2012;-0.47%;2.05%;-2.00%;1.59%;1.73%;2.84%;3.39%;-1.88%;-0.12%;3.89%;2.81%;6.07%;-1.21%;1.93%;1.59%;1.53%;-4.51%;8.23%;13.66%;4.24%;1.51%;2.91%;10.26%;3.96%;0.79%;13.80%;6.45%;6.12%;7.47%;4.72%;6.85%;-1.33%;2.80%;1.85%;5.65%;7.13%;0.18%;8.35%;0.29%;8.68%;7.74%;0.21%;2.86%;-4.09%;-0.39%;5.43%;3.49%;-1.21%;0.63%;3.56%;
30.04.2012;5.90%;-2.62%;-2.07%;1.92%;-6.22%;-6.77%;3.65%;4.49%;-3.51%;4.50%;7.91%;7.78%;-0.44%;3.56%;1.76%;4.31%;4.94%;5.04%;5.88%;2.70%;4.74%;-2.29%;4.39%;-11.28%;2.80%;17.41%;1.73%;-6.03%;1.55%;0.77%;0.88%;-7.93%;-0.97%;0.94%;9.85%;-1.65%;-2.96%;2.76%;2.57%;-2.13%;2.12%;-4.42%;1.89%;0.19%;-8.32%;-0.14%;3.56%;7.10%;13.41%;3.27%;
31.05.2012;-2.70%;3.41%;-11.01%;-1.46%;-7.54%;-8.64%;-4.91%;1.21%;-16.30%;1.35%;-3.39%;1.53%;-9.74%;0.80%;1.53%;2.16%;-13.73%;-4.75%;0.54%;-0.06%;-2.36%;-3.92%;-2.24%;-12.34%;-7.83%;-5.96%;3.29%;-16.30%;0.01%;1.61%;-9.21%;-8.80%;0.16%;3.25%;-1.71%;-4.63%;-6.25%;-0.52%;-3.25%;-3.86%;-10.84%;-9.45%;-16.04%;-19.06%;-18.36%;-0.05%;1.72%;-8.97%;-5.08%;4.80%;
30.06.2012;5.91%;-6.91%;7.08%;3.81%;2.14%;5.00%;5.29%;5.52%;0.35%;1.91%;-6.36%;10.97%;-4.70%;4.40%;4.08%;2.76%;8.18%;2.30%;-11.59%;6.37%;5.91%;8.34%;-2.14%;7.64%;-1.89%;6.52%;4.58%;5.81%;1.26%;2.54%;6.58%;5.98%;9.93%;4.78%;3.16%;1.05%;-8.39%;-2.61%;3.46%;-0.73%;8.32%;-2.85%;-2.70%;14.60%;-17.88%;5.72%;6.94%;-6.08%;6.86%;4.66%;
31.07.2012;1.08%;-11.62%;2.79%;3.24%;0.46%;10.82%;2.88%;0.50%;-1.04%;4.94%;-5.64%;-4.08%;1.60%;4.46%;3.71%;0.68%;4.36%;2.98%;0.02%;2.09%;5.10%;-1.58%;-2.17%;2.66%;-2.13%;10.09%;-7.68%;-8.32%;1.45%;-4.87%;-0.63%;4.47%;-8.90%;3.48%;3.15%;-5.46%;1.97%;0.88%;8.88%;1.69%;-9.04%;4.60%;4.62%;-2.41%;-7.19%;5.41%;2.22%;13.71%;-7.44%;3.86%;
31.08.2012;11.15%;2.53%;5.48%;-4.36%;2.67%;0.29%;1.11%;2.17%;1.26%;-6.45%;11.46%;7.71%;6.13%;-4.84%;-6.02%;-5.18%;5.70%;-3.42%;-0.74%;-12.98%;-0.69%;3.18%;5.95%;5.99%;5.06%;-19.93%;-4.69%;16.25%;-0.82%;8.46%;2.29%;-3.95%;6.86%;-3.12%;0.51%;-2.63%;6.98%;3.51%;2.42%;10.64%;3.02%;-1.66%;6.19%;0.46%;16.74%;-1.27%;-2.54%;1.43%;3.96%;-4.98%;
30.09.2012;5.17%;2.30%;4.43%;-0.15%;0.15%;2.71%;-1.36%;-2.04%;-4.58%;3.08%;12.65%;8.87%;3.53%;2.64%;-0.26%;4.34%;3.17%;-2.46%;4.85%;2.05%;-2.42%;0.33%;4.70%;3.01%;4.79%;-9.80%;-0.51%;4.18%;-3.96%;11.06%;-0.04%;1.62%;6.01%;2.78%;4.94%;1.79%;-2.83%;6.91%;4.05%;2.29%;0.87%;15.92%;-8.96%;21.56%;1.85%;0.81%;3.43%;2.78%;-0.32%;-0.92%;
31.10.2012;5.61%;-1.25%;3.97%;1.87%;-5.52%;4.72%;-3.42%;6.29%;1.49%;3.27%;1.61%;1.60%;-2.13%;4.70%;0.82%;3.43%;4.39%;1.94%;-6.09%;3.67%;3.10%;-1.48%;-6.71%;1.98%;1.82%;-11.58%;12.80%;2.48%;-0.92%;4.31%;3.64%;5.89%;1.15%;0.32%;1.95%;0.98%;2.17%;-0.66%;7.60%;-0.80%;6.83%;-8.43%;2.81%;-2.81%;6.80%;-3.08%;0.50%;1.76%;-1.99%;-5.98%;
30.11.2012;3.93%;-0.52%;6.45%;-8.85%;6.98%;5.81%;-3.45%;1.71%;4.89%;1.46%;-1.08%;-7.16%;9.22%;-2.45%;-7.60%;-3.07%;2.72%;-6.34%;2.03%;-7.13%;-3.51%;3.07%;-3.59%;-7.47%;6.22%;10.28%;1.28%;-0.04%;-2.69%;3.02%;0.46%;2.62%;-0.40%;-1.84%;6.14%;5.09%;11.51%;2.29%;2.73%;3.29%;-0.29%;3.77%;6.98%;14.94%;10.94%;0.44%;-2.67%;3.30%;5.05%;6.68%;
31.12.2012;0.19%;3.30%;0.96%;2.50%;1.30%;0.59%;3.10%;-3.36%;10.94%;-0.20%;-2.59%;1.84%;3.91%;-0.87%;0.63%;-0.64%;11.83%;4.38%;-4.37%;-0.42%;-0.02%;-0.62%;3.57%;4.87%;3.51%;-5.62%;0.67%;4.86%;3.90%;5.21%;4.46%;4.81%;1.42%;-0.93%;9.44%;13.23%;6.64%;-0.04%;-0.06%;-1.92%;5.78%;2.86%;7.99%;-1.47%;-10.99%;-2.37%;1.34%;4.39%;-4.81%;-0.61%;
31.01.2013;9.85%;4.16%;-0.11%;7.04%;4.85%;2.48%;0.12%;9.50%;5.98%;5.41%;9.59%;20.56%;5.28%;6.52%;2.41%;7.45%;5.05%;5.65%;5.06%;-3.04%;2.47%;7.82%;9.63%;19.14%;7.22%;10.66%;12.96%;11.89%;0.96%;12.37%;3.28%;7.51%;8.27%;4.71%;1.86%;10.75%;6.19%;5.51%;2.57%;2.77%;19.00%;4.60%;-4.32%;8.66%;10.54%;12.16%;6.38%;11.18%;7.38%;7.88%;
28.02.2013;3.54%;11.67%;-5.86%;4.16%;-1.25%;-0.35%;-1.33%;6.06%;0.91%;3.54%;4.68%;-5.75%;6.03%;5.51%;3.73%;-0.33%;-2.00%;-3.11%;5.16%;-2.49%;0.34%;1.16%;1.01%;-8.47%;2.51%;20.95%;3.55%;2.37%;7.36%;4.29%;3.32%;-2.09%;-0.22%;5.87%;-2.33%;0.88%;1.29%;6.10%;-0.93%;7.53%;1.69%;2.43%;3.71%;-9.95%;20.30%;-0.85%;2.17%;6.08%;10.09%;7.22%;
31.03.2013;2.85%;6.51%;4.89%;3.64%;0.90%;7.46%;-2.71%;4.91%;0.37%;6.04%;1.72%;8.97%;-0.15%;2.31%;4.57%;4.77%;0.20%;1.07%;-4.52%;8.38%;1.72%;6.42%;4.84%;3.57%;4.89%;5.31%;6.92%;10.39%;-0.55%;6.70%;2.58%;2.44%;4.99%;3.49%;-0.10%;6.05%;-3.92%;2.17%;3.54%;4.65%;4.42%;2.88%;-3.22%;1.53%;10.31%;0.52%;12.87%;5.43%;6.80%;4.80%;
30.04.2013;2.53%;0.62%;4.65%;4.75%;0.63%;-3.19%;8.98%;4.48%;-8.13%;7.16%;2.34%;7.33%;-5.35%;7.64%;4.29%;7.63%;-4.22%;5.15%;1.59%;10.43%;9.05%;3.80%;-2.19%;-9.87%;-2.60%;-5.38%;-4.58%;4.29%;-0.48%;-1.98%;-0.62%;-4.72%;2.47%;5.20%;9.86%;-12.55%;-1.82%;-6.02%;4.23%;4.10%;-0.62%;-7.03%;1.36%;-3.52%;-5.51%;-0.94%;3.94%;-3.12%;-3.28%;-1.14%;
31.05.2013;4.27%;-5.04%;2.30%;-6.10%;8.57%;0.66%;-2.60%;-3.21%;12.44%;-9.99%;2.36%;-6.60%;13.44%;-8.60%;-10.34%;-14.61%;7.61%;0.06%;4.38%;-16.29%;-7.91%;4.23%;8.09%;1.87%;6.28%;0.09%;3.64%;5.25%;-0.12%;0.26%;7.84%;2.04%;4.96%;-6.42%;4.40%;5.91%;3.82%;3.96%;5.67%;-2.20%;13.19%;5.89%;9.12%;7.42%;9.04%;3.87%;-4.85%;4.95%;4.44%;-4.82%;
30.06.2013;-7.45%;5.80%;5.03%;1.18%;-3.01%;-1.51%;-1.04%;-3.00%;-8.95%;1.68%;5.34%;-12.64%;-0.31%;0.60%;3.20%;4.83%;-2.38%;1.13%;4.19%;-3.12%;-3.78%;0.98%;1.55%;-6.99%;-2.25%;-0.77%;-1.73%;2.27%;-0.29%;1.19%;-0.43%;-2.67%;2.24%;-1.79%;-4.31%;-3.97%;-4.99%;0.00%;-1.47%;2.68%;-1.47%;-2.42%;-2.06%;-9.63%;-10.04%;2.91%;-1.98%;-1.70%;-0.09%;1.93%;
31.07.2013;13.89%;7.55%;6.13%;5.18%;19.52%;6.19%;2.05%;7.68%;11.74%;3.02%;6.97%;-5.55%;10.28%;6.56%;2.73%;4.27%;15.38%;2.28%;7.10%;1.96%;2.30%;9.12%;9.36%;17.62%;10.85%;6.41%;3.72%;14.26%;-0.32%;5.78%;1.65%;8.90%;0.71%;6.18%;9.58%;12.07%;16.49%;1.40%;6.12%;9.08%;7.27%;10.15%;-6.15%;-2.54%;17.23%;-1.54%;7.74%;5.31%;2.33%;3.22%;
31.08.2013;2.07%;-3.45%;-6.31%;-5.59%;-5.98%;-4.76%;-4.16%;-6.79%;1.66%;-4.36%;2.58%;-11.19%;-0.69%;-5.42%;-6.13%;-7.94%;-5.51%;-11.15%;-6.26%;-1.58%;-7.61%;-2.83%;-3.63%;-5.99%;-0.07%;44.77%;-3.72%;1.20%;-7.77%;-1.26%;-6.27%;-2.76%;-1.31%;-7.01%;-2.64%;-5.29%;0.39%;-1.67%;-1.32%;-5.67%;-4.23%;0.76%;-6.91%;1.31%;4.62%;-2.94%;-8.79%;-4.40%;-5.61%;-6.83%;
30.09.2013;7.49%;5.18%;7.89%;3.05%;4.34%;-5.56%;4.29%;3.24%;8.40%;-0.79%;-0.70%;8.85%;6.09%;-1.33%;-0.93%;0.37%;2.50%;3.06%;6.95%;-1.30%;4.25%;5.02%;0.24%;-3.23%;9.90%;12.57%;1.29%;-0.12%;1.36%;10.86%;-0.89%;7.76%;8.02%;0.87%;7.35%;11.14%;10.57%;7.41%;6.72%;-0.53%;-1.45%;6.23%;7.62%;8.41%;-1.03%;7.49%;6.45%;2.46%;3.36%;1.64%;
31.10.2013;14.27%;11.02%;4.82%;5.11%;2.96%;0.99%;-2.58%;7.09%;-4.40%;4.33%;-0.37%;-2.47%;2.18%;5.83%;5.59%;7.23%;1.53%;9.89%;-0.15%;3.90%;2.88%;0.70%;7.17%;8.38%;5.98%;2.23%;2.88%;8.14%;6.24%;1.67%;4.34%;6.39%;-3.01%;2.36%;9.29%;-1.28%;3.24%;-4.56%;4.59%;5.87%;6.99%;-12.17%;5.87%;3.36%;-1.43%;4.26%;3.94%;8.27%;-0.53%;8.49%;
30.11.2013;5.09%;-1.59%;2.14%;-0.91%;-0.17%;3.92%;-3.87%;4.72%;4.20%;-2.46%;1.96%;4.91%;-1.14%;-3.47%;-5.17%;-5.75%;-2.23%;-5.71%;3.73%;-13.84%;-0.08%;4.56%;4.20%;0.04%;3.53%;19.49%;0.21%;13.36%;-8.24%;5.74%;4.56%;-1.37%;3.05%;-3.82%;0.81%;0.26%;2.87%;2.41%;2.00%;-6.27%;3.62%;2.91%;-2.63%;5.27%;-8.65%;1.77%;0.41%;3.78%;-0.67%;0.15%;
31.12.2013;-0.39%;8.33%;1.20%;0.86%;2.71%;1.61%;0.88%;-0.08%;7.01%;0.87%;-6.00%;12.27%;6.83%;-0.52%;1.19%;0.19%;4.76%;-5.47%;-3.62%;2.55%;-2.04%;2.83%;5.23%;-0.18%;3.53%;8.65%;3.02%;0.56%;0.83%;6.34%;4.92%;4.54%;4.12%;-0.82%;3.39%;9.16%;4.57%;6.92%;3.61%;-0.06%;1.07%;-0.86%;3.46%;5.43%;6.17%;8.40%;3.02%;2.64%;-0.73%;2.02%;
31.01.2014;-12.46%;-9.03%;-6.02%;5.81%;-5.35%;-1.08%;10.78%;-6.72%;-9.92%;3.81%;0.36%;5.20%;-10.34%;3.79%;-1.57%;4.82%;-2.94%;11.28%;-2.59%;-4.52%;8.32%;-3.63%;-5.51%;-4.43%;-2.49%;29.41%;-2.91%;-6.95%;6.26%;-4.51%;-2.18%;-8.79%;-6.81%;-0.55%;-3.85%;-0.50%;-2.81%;-1.04%;-8.56%;-6.98%;-8.45%;-3.47%;6.75%;3.89%;10.42%;-4.85%;5.70%;-1.25%;0.32%;-2.56%;
28.02.2014;5.25%;2.84%;2.07%;6.79%;15.39%;1.76%;4.02%;-3.24%;14.92%;2.30%;3.19%;4.60%;8.94%;5.19%;3.01%;8.74%;12.15%;5.61%;-0.45%;-2.25%;2.12%;3.14%;5.07%;1.97%;4.58%;-1.92%;-4.24%;4.70%;6.04%;-0.46%;2.71%;3.91%;7.90%;6.91%;8.48%;-2.01%;6.97%;-1.04%;12.00%;3.76%;-1.91%;7.29%;7.82%;10.04%;3.08%;3.61%;-3.98%;1.12%;-4.41%;5.26%;
31.03.2014;-7.10%;7.50%;-1.04%;1.95%;-1.88%;5.87%;1.87%;3.80%;2.55%;4.02%;7.14%;-11.70%;4.46%;3.53%;-3.15%;8.10%;-1.40%;1.67%;2.74%;11.86%;3.06%;1.54%;4.62%;-1.29%;-2.90%;-16.71%;0.34%;1.08%;0.93%;-3.92%;6.00%;0.60%;4.89%;-1.78%;-1.88%;2.93%;1.90%;-1.56%;1.58%;-2.17%;5.91%;-2.17%;-1.92%;-2.10%;10.93%;1.66%;3.08%;1.71%;2.52%;2.09%;
30.04.2014;1.61%;0.78%;-0.51%;1.28%;-0.63%;-0.37%;2.87%;1.06%;1.25%;3.52%;-3.97%;2.91%;6.17%;6.16%;8.16%;0.58%;1.52%;2.63%;-1.22%;-0.82%;3.18%;1.27%;-7.64%;-2.37%;2.30%;-9.27%;5.81%;-4.26%;2.02%;-2.63%;-7.64%;3.15%;-3.45%;2.36%;0.08%;6.79%;-4.31%;4.07%;2.22%;-0.58%;-6.82%;6.36%;-11.16%;-2.89%;-7.07%;-0.53%;8.30%;-3.40%;-3.19%;-0.09%;
31.05.2014;5.94%;2.77%;-2.38%;-4.74%;2.08%;2.23%;3.02%;0.62%;1.38%;-0.96%;-2.19%;6.28%;0.90%;-2.59%;-5.20%;-2.51%;1.25%;4.44%;0.60%;0.21%;1.68%;1.79%;1.20%;16.44%;3.24%;2.04%;2.05%;-0.81%;4.99%;2.45%;0.25%;-2.16%;-2.19%;-0.95%;4.13%;1.76%;1.59%;2.12%;1.09%;6.12%;1.10%;1.76%;0.74%;-5.52%;1.23%;1.96%;-1.84%;4.19%;1.38%;0.32%;
30.06.2014;0.41%;-1.32%;2.28%;3.89%;7.21%;-2.84%;-2.07%;-2.00%;1.32%;4.71%;5.05%;3.98%;4.77%;2.30%;6.15%;5.39%;-1.03%;2.18%;12.67%;3.78%;1.17%;1.46%;2.91%;3.72%;5.29%;13.91%;-4.75%;7.26%;0.97%;1.98%;6.31%;-2.73%;-1.66%;5.44%;4.59%;5.15%;3.87%;3.06%;1.46%;4.47%;3.05%;0.48%;10.49%;4.65%;7.80%;-1.84%;7.38%;1.08%;2.07%;1.50%;
31.07.2014;-5.81%;5.19%;-4.03%;-4.98%;3.21%;4.04%;1.63%;-3.33%;-9.66%;-7.13%;18.70%;-15.79%;-5.71%;-4.36%;-2.86%;-5.11%;-9.46%;3.25%;-0.12%;-10.11%;1.64%;-3.43%;3.48%;2.84%;-6.09%;-15.72%;4.72%;1.85%;-4.28%;-9.81%;4.74%;2.72%;-3.18%;-7.52%;-5.61%;1.91%;-10.79%;-1.33%;1.42%;-6.50%;5.19%;0.15%;-7.04%;-0.97%;0.63%;-5.63%;-9.51%;-7.24%;0.23%;-8.25%;
31.08.2014;5.42%;7.46%;2.51%;4.01%;0.95%;0.39%;1.65%;4.50%;4.10%;6.52%;1.36%;4.73%;2.46%;6.00%;3.21%;7.92%;4.68%;2.05%;6.05%;9.71%;2.19%;3.43%;0.20%;-4.60%;1.84%;13.94%;-1.96%;5.38%;4.48%;17.03%;3.68%;8.16%;3.47%;7.55%;3.78%;3.21%;4.43%;4.65%;3.95%;2.97%;2.26%;4.63%;13.01%;0.40%;5.05%;5.09%;4.64%;1.95%;5.98%;6.33%;
30.09.2014;-3.67%;2.98%;-4.29%;-4.15%;-2.27%;-4.28%;-4.66%;-2.16%;-8.55%;-2.88%;-4.47%;-5.06%;-8.17%;-2.77%;-1.03%;-5.44%;-1.92%;-7.60%;-4.32%;-0.81%;-5.06%;-4.00%;-1.12%;-2.17%;-5.94%;-9.50%;-1.99%;-2.65%;-9.22%;-7.67%;-1.90%;-0.07%;-4.46%;-4.06%;-4.11%;-2.06%;-5.28%;-2.84%;-2.76%;-2.91%;2.19%;-2.96%;-5.83%;-4.88%;-1.87%;-1.22%;-4.96%;-6.55%;-1.11%;3.30%;
31.10.2014;12.84%;-8.02%;2.54%;11.57%;4.04%;-1.58%;10.12%;8.26%;10.76%;10.15%;5.23%;11.06%;-1.11%;8.96%;11.82%;12.62%;0.28%;13.69%;8.15%;11.23%;12.07%;1.13%;2.36%;7.64%;3.51%;36.72%;7.72%;2.20%;7.63%;5.36%;-2.08%;0.27%;10.72%;12.50%;3.53%;11.80%;2.25%;8.21%;9.13%;5.06%;2.93%;6.06%;-4.83%;2.46%;14.65%;8.85%;11.11%;4.93%;-0.90%;3.21%;
30.11.2014;1.38%;12.09%;0.00%;1.82%;6.81%;4.08%;2.28%;0.95%;-0.38%;1.32%;3.05%;11.85%;-3.08%;-0.85%;-0.33%;1.57%;2.65%;0.32%;4.28%;-1.23%;0.65%;1.74%;2.02%;2.33%;2.97%;12.66%;3.46%;3.74%;5.39%;8.13%;2.16%;-0.80%;-0.49%;3.90%;7.43%;3.67%;2.72%;-0.16%;2.41%;-1.38%;1.68%;0.85%;7.88%;7.11%;4.57%;2.07%;1.32%;5.68%;1.42%;5.94%;
31.12.2014;4.60%;-0.83%;2.95%;7.01%;0.28%;0.40%;-0.73%;1.73%;-0.46%;5.86%;-4.03%;-0.54%;-6.39%;6.03%;5.58%;3.02%;-8.51%;2.07%;2.98%;6.76%;0.60%;0.78%;4.06%;-0.22%;1.34%;-3.23%;2.34%;1.84%;1.38%;1.15%;-0.49%;-8.54%;7.18%;8.03%;5.98%;3.13%;-3.09%;-0.93%;1.44%;-0.94%;2.31%;1.74%;-0.30%;-0.47%;1.34%;2.40%;4.57%;4.79%;2.20%;3.17%;
31.01.2015;5.32%;-10.33%;-6.56%;-0.90%;1.48%;-3.38%;12.12%;-1.70%;-3.27%;8.58%;-2.74%;-3.04%;-2.34%;4.69%;4.95%;4.72%;-6.06%;10.09%;2.02%;3.44%;8.41%;-7.35%;-4.18%;13.58%;-7.05%;9.03%;-5.51%;-13.33%;6.21%;6.23%;-2.52%;-10.33%;-1.94%;2.74%;-3.58%;-0.55%;-2.05%;-1.29%;-2.95%;2.15%;-8.56%;-1.99%;-8.26%;7.27%;6.03%;-0.15%;2.10%;1.47%;-6.26%;2.68%;
28.02.2015;6.09%;2.68%;9.06%;-6.34%;7.23%;-1.65%;-1.00%;4.45%;1.99%;-6.89%;4.03%;11.38%;2.87%;-8.51%;-8.86%;-5.72%;5.04%;-1.60%;8.33%;-13.27%;-1.21%;6.35%;9.18%;6.62%;7.19%;7.70%;7.40%;15.75%;-7.76%;11.70%;6.81%;7.74%;11.19%;-7.92%;5.61%;6.72%;7.46%;8.75%;10.94%;11.83%;4.11%;5.01%;6.74%;17.71%;-10.87%;1.48%;-6.80%;2.45%;4.18%;5.22%;
31.03.2015;4.50%;-0.41%;3.48%;-0.50%;-3.11%;-0.94%;2.23%;0.99%;-1.96%;0.14%;14.30%;4.54%;-3.55%;-1.63%;-2.42%;-2.77%;-6.98%;3.36%;2.60%;1.13%;3.65%;3.14%;1.01%;2.01%;-1.85%;6.77%;0.14%;-0.31%;6.62%;0.76%;-0.26%;1.06%;0.85%;-0.52%;-3.91%;-2.00%;-0.34%;2.64%;0.25%;0.90%;-1.24%;-3.03%;-2.14%;1.69%;-3.89%;10.99%;5.03%;-1.20%;3.39%;0.73%;
30.04.2015;-2.68%;3.12%;-1.52%;-2.00%;-4.68%;1.13%;-5.38%;-4.12%;-0.27%;-2.81%;-4.99%;-10.81%;9.55%;-0.43%;0.90%;-1.79%;10.68%;-2.86%;-1.14%;2.42%;-8.64%;2.42%;-1.19%;2.15%;-1.08%;6.00%;2.11%;-1.69%;-3.44%;-6.59%;5.52%;3.62%;-6.68%;-4.00%;-1.76%;-8.38%;2.25%;-2.23%;1.69%;0.16%;5.31%;4.05%;-3.18%;1.45%;-6.91%;0.28%;-2.35%;5.76%;-3.50%;-4.98%;
31.05.2015;12.03%;8.12%;-1.30%;-1.73%;2.32%;-3.10%;-1.72%;-0.12%;-1.96%;0.62%;2.08%;2.83%;-0.42%;-0.50%;0.47%;-0.21%;0.72%;0.30%;4.94%;-0.64%;0.60%;1.71%;2.49%;6.02%;3.43%;13.37%;-3.65%;1.28%;3.44%;7.57%;1.91%;-3.19%;2.14%;0.49%;3.31%;1.66%;3.62%;4.19%;3.91%;2.27%;1.05%;3.79%;15.89%;5.16%;15.49%;0.08%;0.04%;11.37%;1.72%;3.45%;
30.06.2015;0.84%;-8.28%;0.58%;-6.34%;-6.77%;5.80%;-6.91%;-0.79%;-2.69%;-5.93%;-2.09%;5.01%;-6.44%;-5.79%;-5.40%;-8.60%;6.58%;-4.55%;-1.35%;-7.87%;-4.74%;2.02%;1.62%;6.40%;1.71%;-5.39%;-2.06%;3.88%;-4.69%;2.28%;2.56%;-6.83%;6.29%;-6.62%;0.57%;-1.20%;1.96%;-1.43%;2.82%;-8.05%;-1.19%;2.73%;-8.54%;-6.57%;0.73%;15.32%;-4.39%;-1.57%;1.45%;-2.99%;
31.07.2015;-0.22%;-1.66%;2.97%;10.20%;4.75%;5.52%;2.39%;11.02%;-1.27%;7.60%;-0.55%;8.52%;-8.71%;8.80%;9.87%;8.78%;-3.69%;6.56%;1.94%;4.33%;7.49%;6.07%;3.72%;9.46%;-3.25%;0.07%;2.47%;-4.90%;10.34%;5.60%;0.53%;0.95%;0.34%;8.47%;-5.53%;-0.85%;-6.31%;-3.01%;3.49%;3.03%;-0.14%;0.75%;-0.16%;8.45%;14.54%;1.65%;7.84%;0.45%;1.80%;6.41%;
31.08.2015;-9.94%;-5.12%;-8.51%;-1.92%;-2.09%;-4.07%;-8.03%;-5.22%;-6.01%;-4.32%;-8.22%;2.29%;-3.31%;-2.98%;-1.07%;-2.55%;-7.58%;-4.58%;-4.67%;-5.89%;-5.64%;-5.11%;-6.51%;-6.84%;-5.14%;11.42%;-13.26%;-9.51%;-1.19%;-2.29%;-8.69%;-1.93%;-1.05%;-2.59%;-12.08%;-7.27%;-4.24%;-2.96%;-3.05%;5.40%;-6.06%;-3.76%;-6.33%;2.86%;-7.76%;-3.72%;-0.92%;-4.55%;-4.16%;-0.06%;
30.09.2015;1.05%;-7.32%;-0.20%;4.91%;-8.56%;-14.56%;4.43%;2.81%;-10.13%;8.68%;-8.35%;-3.12%;-7.03%;2.96%;7.30%;7.85%;-10.68%;4.10%;1.48%;-0.98%;5.71%;-3.52%;-2.84%;0.82%;-0.74%;-5.04%;-1.90%;-6.56%;4.17%;-7.71%;-2.41%;-13.26%;4.15%;7.74%;-7.66%;0.62%;-8.75%;-3.33%;-5.23%;-2.48%;-6.55%;-4.47%;-0.17%;-4.62%;-1.37%;-3.51%;6.91%;-1.99%;-3.08%;-2.39%;
31.10.2015;17.84%;10.16%;9.67%;4.45%;9.64%;14.17%;6.89%;12.92%;-4.67%;2.12%;2.35%;0.27%;12.68%;2.48%;-1.65%;-3.40%;12.15%;-0.68%;9.58%;-0.35%;5.90%;3.10%;4.07%;-0.69%;7.66%;6.53%;6.96%;12.75%;4.06%;7.54%;3.82%;13.75%;12.78%;-0.98%;18.90%;2.93%;7.58%;18.92%;9.90%;2.89%;3.19%;9.89%;8.76%;8.27%;15.56%;-0.19%;8.28%;14.85%;4.20%;2.61%;
30.11.2015;4.10%;-20.08%;2.34%;0.18%;-1.50%;0.70%;-0.68%;1.46%;-3.03%;-2.91%;-4.01%;9.75%;2.28%;-1.35%;-5.48%;-1.92%;0.67%;4.70%;-3.19%;0.61%;2.11%;4.50%;6.56%;3.83%;3.09%;-2.80%;2.45%;3.19%;4.91%;-2.45%;6.46%;-2.01%;0.61%;0.74%;1.42%;-2.81%;-2.49%;3.99%;3.78%;3.24%;5.19%;3.00%;6.45%;6.31%;6.54%;1.23%;-1.10%;1.52%;0.59%;-0.37%;
31.12.2015;-3.95%;1.27%;-7.59%;-1.21%;-4.95%;1.33%;2.04%;-3.17%;-11.43%;3.86%;-8.24%;-0.62%;-6.37%;-0.37%;4.51%;-0.25%;-7.08%;3.73%;-3.86%;2.27%;-0.29%;-5.71%;-5.39%;-4.11%;-2.78%;-5.07%;-5.98%;-8.60%;2.54%;-0.70%;-3.80%;-2.77%;-1.22%;1.77%;-6.22%;-7.53%;-2.93%;-1.91%;-0.06%;2.37%;-8.57%;-2.23%;-0.24%;-7.41%;-1.50%;-3.95%;1.86%;-4.47%;-0.73%;-0.64%;
31.01.2016;-8.82%;-3.63%;-3.24%;4.94%;-2.02%;-3.77%;-7.53%;-1.09%;2.14%;7.76%;-2.27%;-14.11%;-4.66%;6.98%;7.97%;5.21%;-8.74%;-10.46%;-7.30%;4.19%;3.89%;-4.93%;-21.94%;-12.28%;-5.35%;-34.94%;-0.90%;-21.49%;3.31%;-12.13%;-13.47%;-2.15%;4.61%;2.84%;-3.74%;-7.15%;-6.86%;-7.44%;-5.76%;4.04%;-15.59%;-11.17%;-6.00%;-7.13%;-0.40%;6.37%;9.80%;-2.82%;-5.76%;-1.04%;
29.02.2016;0.76%;-1.10%;2.69%;4.52%;4.55%;7.95%;-1.78%;9.56%;8.54%;1.75%;9.03%;-2.87%;3.99%;-1.05%;0.89%;10.29%;4.80%;-1.80%;-0.14%;1.24%;-1.84%;-5.52%;1.98%;2.03%;4.12%;4.17%;4.94%;-6.93%;-3.26%;8.00%;-4.35%;0.69%;-5.01%;4.82%;1.48%;-10.01%;8.91%;-4.25%;-10.45%;-0.58%;-1.70%;-0.35%;-1.80%;11.71%;3.72%;-0.07%;0.27%;6.95%;6.81%;8.05%;
31.03.2016;8.81%;4.81%;6.84%;6.71%;8.74%;3.97%;11.34%;3.52%;13.80%;8.13%;7.70%;13.48%;6.59%;7.77%;10.47%;5.47%;12.60%;11.74%;0.99%;8.66%;5.40%;5.74%;9.03%;-0.38%;10.27%;-1.40%;10.75%;7.31%;13.64%;6.21%;9.75%;20.23%;9.31%;9.07%;15.94%;18.92%;10.12%;8.84%;8.97%;2.32%;6.83%;12.56%;13.52%;7.37%;4.67%;-1.11%;7.64%;11.35%;11.25%;1.97%;
30.04.2016;1.19%;10.00%;9.23%;-3.32%;1.88%;7.95%;1.93%;1.74%;6.45%;-4.15%;-0.58%;-0.56%;2.13%;-0.85%;-2.64%;-0.97%;6.45%;-5.07%;-0.51%;-9.40%;-1.95%;7.16%;6.22%;-2.64%;-1.18%;-0.28%;-1.61%;10.84%;-6.36%;0.91%;9.70%;6.09%;-0.06%;-3.22%;-0.99%;-17.75%;-0.25%;-3.65%;1.46%;-2.20%;7.08%;6.38%;-12.41%;1.95%;-9.26%;-0.92%;-2.30%;0.69%;-1.93%;0.56%;
31.05.2016;6.90%;7.09%;0.71%;3.23%;-2.23%;-2.40%;-2.51%;4.68%;-2.19%;2.80%;6.36%;1.66%;1.60%;1.70%;-1.80%;1.30%;-3.95%;3.08%;5.52%;0.68%;0.73%;6.46%;3.88%;2.44%;2.17%;16.80%;-0.19%;6.21%;8.48%;2.11%;4.25%;-2.55%;4.76%;2.18%;-2.45%;8.56%;2.27%;-2.68%;1.59%;1.71%;1.22%;1.13%;4.76%;8.47%;13.84%;5.77%;0.48%;2.44%;2.71%;6.24%;
30.06.2016;7.06%;1.09%;4.51%;8.13%;-0.42%;4.77%;4.99%;8.38%;-0.93%;10.50%;5.38%;3.29%;4.51%;9.31%;10.80%;8.43%;-7.44%;0.38%;1.80%;7.55%;8.07%;0.31%;-14.45%;0.55%;-1.49%;-5.25%;-1.91%;-15.44%;3.31%;-3.52%;-10.58%;1.86%;3.04%;10.15%;-2.92%;-7.74%;-0.43%;-0.30%;-2.11%;18.62%;-14.49%;-1.25%;-0.30%;3.27%;-2.54%;3.37%;12.21%;1.05%;4.27%;4.86%;
31.07.2016;5.43%;5.11%;0.17%;-1.29%;5.86%;6.51%;8.31%;0.44%;9.19%;-1.48%;6.35%;4.45%;3.04%;-0.84%;-0.45%;0.26%;-3.32%;3.29%;6.53%;0.03%;3.12%;0.32%;7.05%;11.24%;9.37%;12.79%;2.72%;12.64%;-0.36%;10.11%;2.51%;9.45%;8.77%;-2.70%;0.54%;-4.25%;-0.37%;-0.12%;-0.41%;1.15%;22.81%;9.42%;0.30%;3.01%;5.96%;-3.72%;-1.88%;4.20%;-2.16%;-4.52%;
31.08.2016;4.13%;-2.93%;2.63%;-5.76%;4.15%;-2.69%;-1.41%;3.23%;2.31%;-7.10%;1.91%;-2.49%;1.50%;-4.74%;-6.03%;-6.02%;4.08%;-2.90%;3.53%;-6.27%;-6.31%;4.54%;5.37%;-0.18%;4.48%;-10.10%;-4.50%;10.72%;-10.67%;1.84%;4.44%;-9.56%;-1.38%;-4.09%;1.12%;4.90%;1.34%;4.41%;-2.47%;-8.02%;6.78%;1.68%;6.63%;-8.15%;8.19%;1.14%;-7.63%;-0.58%;2.21%;1.20%;
30.09.2016;2.39%;-2.97%;-2.57%;-0.49%;-3.39%;2.14%;-2.74%;-2.19%;2.86%;0.79%;-3.58%;-5.57%;2.18%;0.83%;0.92%;-0.65%;-0.31%;-1.94%;-8.69%;2.17%;-3.19%;-1.22%;-1.50%;1.07%;0.14%;16.26%;2.48%;-2.19%;0.00%;-5.85%;-3.16%;1.94%;-6.00%;1.27%;-2.00%;-0.66%;6.17%;2.77%;-0.47%;-3.94%;-0.87%;-0.16%;2.47%;0.05%;3.70%;3.11%;1.61%;0.45%;0.98%;-3.26%;
31.10.2016;-8.55%;3.32%;-4.17%;2.44%;-4.07%;-0.02%;-11.18%;-5.55%;-0.26%;0.33%;-1.80%;-4.54%;-9.17%;3.36%;0.33%;2.36%;7.01%;-3.19%;-4.55%;3.66%;-5.06%;-0.75%;8.28%;-7.26%;-7.62%;-7.76%;0.58%;4.49%;-1.32%;-8.01%;6.52%;-0.45%;-2.05%;0.18%;-9.90%;-1.16%;-2.14%;-5.02%;1.41%;-3.12%;1.38%;-7.43%;8.23%;-0.47%;-1.53%;5.26%;-0.11%;-9.81%;-2.25%;0.71%;
30.11.2016;7.95%;-0.78%;3.64%;-1.66%;8.96%;-6.77%;2.82%;8.42%;10.92%;-4.58%;-6.56%;-3.85%;8.55%;-3.04%;-7.65%;-6.41%;4.46%;0.85%;3.52%;-8.75%;-3.31%;10.78%;17.55%;6.30%;8.72%;17.62%;16.86%;31.26%;-0.26%;7.13%;13.44%;27.31%;8.67%;-2.03%;3.01%;19.91%;11.69%;4.67%;8.50%;-4.08%;12.23%;4.21%;4.68%;11.00%;10.90%;4.25%;-4.40%;3.25%;18.04%;-9.26%;
31.12.2016;-2.63%;6.36%;-1.91%;6.80%;-0.44%;0.22%;1.53%;-1.29%;-2.88%;4.26%;6.35%;-1.06%;3.83%;5.82%;6.62%;4.68%;0.12%;7.68%;2.35%;0.06%;1.20%;5.24%;6.10%;4.81%;-3.79%;-1.97%;2.06%;3.39%;6.86%;1.13%;8.91%;-4.29%;4.06%;5.55%;-0.80%;9.25%;1.13%;1.09%;2.87%;2.26%;-1.37%;-2.85%;4.43%;-0.24%;0.12%;5.82%;4.91%;-2.55%;3.48%;1.33%;
31.01.2017;2.96%;-3.04%;0.56%;1.26%;-2.24%;8.05%;4.70%;-6.23%;7.57%;2.35%;5.53%;9.44%;3.76%;0.99%;0.91%;2.01%;3.73%;-2.85%;5.89%;-2.10%;-0.48%;-0.30%;2.96%;1.02%;0.11%;20.88%;2.07%;1.87%;-3.03%;8.09%;-6.84%;-1.80%;1.17%;-0.51%;5.54%;-3.53%;10.11%;4.79%;5.99%;6.08%;-1.48%;8.12%;11.73%;2.54%;8.85%;4.38%;2.74%;4.59%;-6.09%;2.33%;
28.02.2017;3.60%;6.12%;3.37%;3.87%;0.51%;6.28%;6.21%;3.37%;1.01%;4.51%;7.89%;6.99%;3.02%;2.78%;3.62%;9.41%;3.55%;4.64%;2.80%;6.96%;0.21%;5.63%;4.51%;0.12%;2.64%;9.81%;-0.92%;4.38%;9.17%;4.87%;5.29%;7.71%;8.67%;6.79%;2.42%;2.51%;2.10%;9.25%;-6.53%;4.33%;4.61%;2.54%;0.21%;-6.02%;6.21%;3.69%;2.77%;10.53%;2.30%;10.22%;
31.03.2017;1.59%;-1.27%;0.72%;-0.18%;-3.69%;1.85%;-4.76%;-0.95%;2.51%;1.29%;0.38%;4.44%;0.86%;0.72%;1.74%;-0.16%;0.69%;-1.35%;-7.05%;-0.69%;-5.14%;-0.63%;-5.30%;4.85%;1.43%;0.43%;-6.33%;-6.71%;-0.96%;1.38%;-0.88%;-4.55%;4.03%;1.45%;2.99%;1.73%;3.57%;-1.30%;-0.18%;-7.01%;-0.13%;4.98%;9.61%;0.10%;4.02%;1.88%;1.49%;0.38%;-2.89%;0.45%;
30.04.2017;5.32%;-0.63%;3.40%;1.00%;4.58%;7.64%;-3.84%;0.42%;-0.17%;1.48%;0.22%;-1.26%;-1.83%;3.26%;2.09%;1.13%;-0.65%;6.39%;-1.00%;-5.91%;-1.20%;-0.23%;-3.40%;6.11%;12.03%;-7.02%;-2.27%;0.73%;-2.49%;2.31%;4.40%;3.34%;0.51%;2.05%;4.53%;-5.69%;1.05%;5.91%;-0.68%;-3.33%;5.90%;2.47%;13.41%;0.33%;6.04%;4.58%;2.57%;3.24%;2.83%;-0.68%;
31.05.2017;2.11%;-9.11%;0.67%;3.77%;2.53%;6.52%;-4.17%;-2.79%;4.48%;4.43%;9.19%;-0.61%;4.65%;4.71%;4.43%;2.00%;0.45%;5.09%;1.49%;-2.34%;-6.23%;-1.58%;-2.49%;-4.08%;3.54%;4.06%;-4.77%;-1.00%;3.63%;1.92%;-2.84%;-5.27%;-0.41%;4.63%;-3.17%;0.96%;0.87%;4.06%;-3.50%;0.89%;-2.91%;1.09%;0.79%;3.12%;22.10%;10.92%;2.83%;1.26%;1.24%;4.30%;
30.06.2017;2.66%;0.28%;3.65%;-3.67%;-0.69%;2.35%;1.40%;3.38%;3.54%;-1.72%;9.45%;6.08%;-2.30%;-3.41%;-1.53%;-4.14%;4.84%;0.14%;0.64%;0.98%;2.97%;1.32%;7.81%;4.78%;4.56%;-2.64%;7.30%;4.00%;3.37%;1.00%;11.66%;-0.40%;-1.00%;-3.61%;3.76%;3.63%;2.54%;1.91%;-1.86%;-6.89%;10.15%;2.25%;-15.36%;1.83%;-4.38%;-5.21%;0.13%;4.88%;-0.52%;0.80%;
31.07.2017;-4.94%;1.93%;2.66%;3.42%;0.02%;-0.10%;-1.12%;5.87%;3.50%;-0.02%;1.86%;3.24%;4.71%;1.96%;2.52%;1.32%;-0.38%;2.41%;0.63%;9.43%;5.77%;3.43%;-1.41%;-2.58%;3.12%;5.86%;-0.73%;8.11%;-1.76%;3.02%;-9.98%;0.32%;-8.04%;1.84%;-4.28%;-5.59%;1.90%;0.40%;-2.41%;3.02%;4.34%;0.39%;15.18%;-2.81%;8.31%;6.63%;4.59%;5.72%;3.55%;2.83%;
31.08.2017;4.27%;-2.04%;3.51%;6.93%;2.27%;2.58%;-0.26%;0.87%;-5.07%;4.97%;2.87%;1.29%;1.05%;4.91%;1.70%;1.91%;3.66%;1.63%;-6.00%;2.10%;-4.30%;-2.53%;-4.98%;-12.69%;1.22%;3.09%;9.02%;-6.73%;3.74%;1.66%;1.13%;-4.44%;-7.80%;4.52%;-0.88%;0.11%;-0.59%;-0.62%;-4.30%;-14.06%;-0.79%;2.35%;2.95%;-1.51%;23.04%;2.30%;1.48%;1.43%;0.81%;-5.96%;
30.09.2017;6.72%;3.67%;-0.87%;-3.58%;4.02%;1.41%;1.89%;-0.35%;6.16%;-3.89%;-5.47%;10.76%;8.27%;-4.42%;-3.46%;-3.75%;4.98%;-4.49%;15.00%;-4.30%;-2.14%;4.05%;10.88%;-4.95%;3.31%;-15.04%;12.62%;8.28%;0.39%;-2.22%;4.37%;1.69%;8.88%;-6.01%;4.61%;11.73%;9.13%;5.52%;1.45%;0.81%;3.30%;5.32%;4.72%;-1.15%;4.54%;4.17%;-4.28%;4.33%;7.51%;-3.06%;
31.10.2017;-0.39%;-3.86%;3.07%;7.95%;5.43%;2.74%;-0.78%;-7.75%;5.27%;4.43%;1.33%;10.72%;4.49%;3.65%;6.66%;4.33%;0.96%;4.03%;5.42%;6.88%;-2.19%;5.04%;-0.52%;3.16%;5.55%;-2.99%;-4.22%;3.13%;-4.24%;5.76%;1.73%;3.90%;11.66%;3.73%;6.98%;2.84%;12.69%;6.07%;5.89%;1.07%;-3.28%;7.01%;15.24%;1.80%;8.24%;-4.83%;4.06%;8.48%;3.42%;-6.77%;
30.11.2017;7.38%;-2.42%;4.47%;3.18%;2.90%;1.64%;3.47%;6.50%;-5.36%;3.16%;0.38%;15.36%;2.32%;4.63%;3.47%;1.65%;1.72%;-5.88%;5.27%;3.61%;9.70%;5.81%;4.35%;10.22%;6.06%;-12.59%;4.46%;1.41%;0.89%;7.97%;4.56%;-0.57%;4.02%;5.51%;0.52%;10.18%;-3.85%;3.65%;7.38%;10.01%;3.64%;5.00%;-5.64%;3.20%;0.81%;5.56%;5.79%;7.49%;3.14%;4.25%;
31.12.2017;-3.37%;1.32%;0.70%;-7.77%;0.64%;-1.12%;3.71%;1.00%;6.21%;-4.55%;-9.66%;0.38%;3.86%;-5.29%;-3.84%;-22.19%;0.29%;-2.28%;-3.29%;-9.31%;0.45%;2.09%;1.11%;2.47%;-2.66%;-4.32%;3.68%;0.42%;-1.84%;-2.37%;2.60%;10.57%;3.51%;-7.22%;0.36%;-2.20%;2.14%;-3.07%;3.42%;7.30%;2.37%;0.41%;3.63%;2.37%;-1.59%;0.87%;-6.43%;0.65%;0.41%;6.99%;
31.01.2018;8.98%;7.16%;0.48%;-3.31%;3.21%;11.43%;-4.27%;3.27%;6.43%;-5.39%;12.30%;-3.96%;5.17%;-2.73%;-5.40%;-0.19%;7.72%;-2.77%;4.11%;7.45%;-8.36%;0.15%;11.98%;-0.12%;8.72%;-4.67%;5.09%;7.71%;-5.16%;1.87%;5.51%;5.94%;4.31%;-6.14%;1.64%;4.21%;0.48%;8.34%;-1.72%;2.13%;13.35%;-2.04%;9.48%;5.48%;15.39%;6.04%;-3.48%;7.24%;1.98%;-2.63%;
28.02.2018;-3.62%;-3.33%;0.77%;-4.11%;-4.50%;-5.89%;-3.91%;-3.00%;-10.55%;-5.14%;-5.77%;-14.58%;-5.75%;-4.60%;-6.81%;-3.10%;1.92%;-3.93%;1.24%;-1.73%;-5.68%;-5.88%;-2.97%;-9.06%;-4.39%;-5.68%;-1.87%;-7.62%;-9.12%;-14.65%;0.46%;-2.33%;2.06%;-2.89%;-5.30%;-1.40%;-8.36%;-1.81%;-7.06%;-0.46%;-3.65%;-4.24%;-0.96%;-13.05%;-11.68%;1.88%;-2.91%;-3.69%;0.30%;0.70%;
31.03.2018;-0.93%;5.27%;-0.96%;4.29%;-1.09%;-4.06%;3.66%;-0.44%;-2.99%;7.59%;-0.74%;4.92%;-1.43%;3.59%;5.04%;5.07%;4.45%;7.53%;-1.58%;6.41%;1.90%;-1.41%;-3.82%;-3.79%;4.17%;-2.15%;-1.00%;-4.08%;6.32%;-3.19%;-2.59%;-6.59%;5.93%;3.69%;-0.36%;1.93%;-3.22%;2.04%;-7.34%;-1.17%;-6.05%;-3.76%;0.89%;-2.80%;-12.59%;1.81%;5.29%;-10.07%;-3.07%;2.84%;
30.04.2018;-3.52%;4.63%;4.14%;4.39%;2.76%;7.11%;-0.81%;-4.61%;-1.38%;4.20%;-0.04%;0.68%;-5.62%;1.84%;2.81%;3.92%;-2.82%;0.39%;-5.17%;1.15%;0.63%;3.05%;-0.58%;3.83%;-6.21%;-25.67%;0.24%;-3.31%;0.24%;-9.62%;3.92%;1.51%;-4.82%;0.88%;-5.13%;4.94%;-5.55%;-5.88%;-1.04%;-8.01%;0.48%;-7.21%;-28.79%;-2.17%;1.97%;-4.92%;3.15%;-0.97%;7.04%;-8.26%;
31.05.2018;3.10%;-3.66%;-1.12%;0.97%;-0.54%;1.93%;0.30%;-1.38%;-10.93%;-2.25%;-1.05%;-4.37%;3.11%;-2.82%;-4.24%;-5.13%;2.18%;-0.28%;6.29%;0.06%;2.62%;-2.02%;-0.27%;-2.32%;3.76%;10.22%;9.09%;-5.71%;3.33%;-2.78%;-3.96%;4.17%;2.96%;-0.26%;-4.68%;4.82%;6.61%;4.55%;1.77%;-5.77%;-3.68%;-1.66%;16.47%;14.37%;12.41%;2.58%;2.67%;0.21%;2.02%;1.62%;
30.06.2018;-6.22%;5.62%;-3.98%;2.80%;-3.52%;4.51%;3.00%;-3.62%;-5.90%;3.28%;4.04%;-2.59%;-4.62%;1.17%;2.59%;1.79%;-4.17%;0.02%;-1.13%;5.45%;6.44%;-4.03%;-0.74%;4.91%;-1.28%;-1.86%;-4.92%;-6.09%;7.60%;5.01%;0.36%;-2.63%;6.32%;1.19%;3.22%;2.68%;-4.74%;0.04%;9.32%;0.67%;-3.14%;-4.62%;0.66%;1.25%;5.60%;5.94%;1.62%;-2.79%;0.09%;13.75%;
31.07.2018;0.64%;5.30%;8.18%;2.83%;6.17%;-1.88%;0.74%;13.99%;7.38%;2.24%;10.64%;6.59%;13.36%;5.70%;1.22%;6.32%;4.20%;1.39%;1.65%;-1.34%;0.00%;8.18%;5.36%;7.95%;12.53%;-0.69%;-1.36%;9.40%;0.11%;-12.09%;6.57%;7.74%;1.16%;-0.16%;6.68%;16.37%;12.83%;9.42%;5.52%;3.39%;-4.71%;13.05%;13.61%;-13.22%;-4.51%;4.49%;1.92%;12.87%;5.52%;5.15%;
31.08.2018;-2.14%;4.43%;-0.64%;1.89%;1.29%;2.65%;3.92%;1.38%;-0.71%;1.86%;-1.80%;1.85%;3.48%;2.40%;0.00%;-1.35%;-6.36%;2.42%;13.92%;5.50%;4.07%;0.03%;4.99%;-7.34%;0.07%;11.08%;0.71%;-3.20%;3.71%;1.71%;-1.61%;-6.62%;7.18%;-1.48%;-0.11%;3.19%;-3.52%;-1.02%;4.24%;-6.97%;-1.59%;-5.98%;-4.76%;-1.07%;18.17%;9.36%;0.39%;-8.28%;4.17%;1.22%;
30.09.2018;-8.11%;0.42%;2.36%;-0.02%;0.46%;3.92%;-5.64%;0.18%;3.83%;0.26%;8.35%;-4.96%;3.67%;-1.81%;-2.59%;2.97%;-1.35%;0.17%;-2.20%;0.43%;-3.17%;-1.40%;-7.96%;3.07%;-1.66%;-6.53%;-1.30%;3.17%;-3.26%;-8.48%;-4.96%;1.52%;1.88%;0.80%;-0.84%;-9.65%;4.17%;-0.72%;4.35%;0.01%;-3.60%;4.21%;-10.22%;0.62%;3.32%;1.27%;2.36%;3.01%;-2.74%;5.34%;
31.10.2018;-14.69%;-6.01%;-8.50%;2.87%;-7.00%;-18.91%;-1.12%;3.08%;-6.42%;1.06%;-6.80%;-14.75%;-6.43%;3.80%;-0.25%;3.46%;-17.67%;2.44%;0.02%;0.30%;-1.12%;-2.34%;-3.09%;-4.86%;-15.82%;-6.17%;-7.00%;-11.04%;-2.47%;-28.87%;-7.41%;-6.26%;-12.66%;3.88%;-3.70%;-14.00%;-12.15%;-4.49%;-16.15%;5.56%;-17.49%;-20.06%;-6.64%;-9.05%;-6.61%;-2.46%;-0.88%;-15.86%;-4.70%;0.00%;
30.11.2018;4.61%;-2.60%;6.20%;6.26%;4.22%;9.66%;8.65%;3.93%;10.51%;5.19%;7.94%;3.50%;2.47%;6.53%;5.72%;-20.28%;0.60%;4.68%;4.80%;1.48%;6.48%;2.25%;1.81%;13.90%;8.68%;-0.88%;-3.84%;5.11%;7.02%;2.67%;5.49%;2.18%;11.50%;9.61%;4.03%;2.15%;5.83%;5.34%;7.99%;-3.52%;6.21%;12.30%;3.60%;4.52%;-14.90%;7.36%;2.78%;6.26%;3.28%;11.49%;
31.12.2018;-9.88%;-10.32%;0.18%;-4.94%;-0.51%;-3.71%;-14.21%;-5.27%;-10.83%;-3.99%;-8.73%;-6.49%;-15.94%;-7.88%;-3.98%;2.62%;-7.24%;-6.59%;-14.42%;0.22%;-10.64%;-13.75%;-18.30%;-7.45%;-8.11%;-1.03%;-12.33%;-18.52%;-7.59%;-8.67%;-15.76%;-14.24%;-8.25%;-4.66%;-6.08%;-7.05%;-13.22%;-10.44%;-12.10%;-9.87%;-13.63%;-8.02%;-11.86%;-6.28%;-6.14%;-14.55%;-2.56%;-6.82%;-5.03%;-0.32%;
31.01.2019;12.08%;9.59%;4.70%;7.02%;3.42%;10.13%;18.16%;5.50%;10.08%;5.02%;9.53%;10.93%;23.79%;7.60%;1.56%;1.44%;11.23%;11.44%;9.24%;4.39%;13.27%;12.38%;12.37%;8.03%;9.19%;26.73%;15.05%;13.99%;5.83%;10.11%;6.49%;19.11%;0.85%;3.43%;3.14%;12.64%;12.65%;6.28%;14.25%;12.18%;13.25%;5.60%;14.69%;2.88%;2.54%;3.16%;5.30%;16.91%;-1.45%;-1.75%;
28.02.2019;9.01%;-5.35%;3.02%;2.74%;10.21%;3.09%;0.62%;7.03%;4.74%;5.12%;2.61%;1.14%;3.07%;4.93%;6.18%;5.13%;2.57%;3.19%;7.57%;3.95%;0.77%;-1.23%;8.84%;6.19%;4.86%;7.00%;0.59%;7.63%;3.29%;5.69%;5.36%;-1.09%;6.42%;7.28%;6.19%;5.84%;5.33%;14.46%;-3.61%;0.98%;1.37%;4.74%;13.45%;9.65%;-17.33%;6.50%;1.25%;3.44%;9.06%;1.84%;
31.03.2019;2.68%;2.33%;2.31%;3.24%;5.40%;9.08%;0.90%;-1.06%;3.21%;2.10%;3.56%;6.82%;4.16%;0.95%;3.84%;3.39%;-8.24%;3.36%;5.86%;3.12%;3.19%;-0.74%;-12.01%;2.65%;5.30%;-0.26%;-5.70%;-6.11%;5.55%;-7.32%;-2.99%;-3.67%;3.40%;1.96%;1.25%;-4.00%;-1.19%;5.66%;-1.59%;10.91%;-8.43%;2.82%;-2.21%;6.52%;8.15%;5.24%;4.68%;4.59%;-0.08%;8.63%;
30.04.2019;-1.41%;3.41%;0.76%;-0.41%;8.43%;-6.16%;3.54%;12.70%;5.33%;0.02%;-2.11%;7.08%;4.52%;1.55%;1.59%;3.99%;4.75%;-1.67%;11.12%;1.01%;-2.16%;6.97%;10.88%;-4.17%;3.24%;-10.71%;-6.72%;13.66%;0.07%;8.01%;9.72%;-1.51%;11.69%;-0.32%;4.10%;-4.71%;2.99%;5.18%;7.51%;5.26%;3.55%;8.20%;22.99%;6.51%;2.61%;-7.09%;-0.57%;-1.61%;7.59%;5.22%;
31.05.2019;-22.66%;-14.08%;1.83%;0.78%;-1.07%;-3.75%;-4.93%;2.14%;-9.34%;1.01%;2.71%;-3.50%;-8.80%;-0.19%;0.16%;-6.90%;-17.70%;3.27%;0.84%;-1.88%;-2.33%;-2.25%;-9.12%;-5.11%;-2.52%;2.38%;-9.89%;-10.37%;5.27%;-0.51%;-13.22%;-15.89%;-2.16%;-0.65%;-10.94%;-13.58%;-17.63%;-4.26%;-7.34%;-0.87%;-18.34%;-13.22%;-14.00%;-0.95%;11.69%;-2.84%;-0.53%;-5.96%;-0.57%;-0.72%;
30.06.2019;16.44%;7.40%;7.40%;2.41%;11.19%;11.52%;-1.40%;5.53%;14.45%;3.93%;13.13%;1.21%;12.67%;1.92%;2.48%;13.54%;19.89%;0.07%;3.27%;4.74%;-1.51%;4.62%;9.25%;9.11%;13.09%;8.05%;7.67%;8.41%;3.14%;8.79%;5.24%;14.79%;6.56%;0.19%;12.00%;6.83%;10.70%;6.50%;6.86%;-4.60%;1.47%;13.67%;13.94%;10.19%;4.97%;-4.25%;4.22%;11.17%;6.38%;-1.51%;
31.07.2019;-3.63%;0.69%;-3.96%;1.41%;1.37%;2.82%;3.83%;4.09%;-4.28%;0.54%;0.15%;6.49%;-3.34%;0.13%;-3.10%;10.58%;-2.37%;4.23%;-3.23%;2.71%;3.30%;2.08%;4.20%;6.73%;-2.28%;-0.05%;11.99%;1.38%;0.07%;-15.45%;9.64%;-0.59%;-0.85%;-3.05%;0.58%;5.96%;-1.86%;-0.71%;-7.87%;-3.47%;4.50%;2.59%;16.32%;0.76%;7.92%;-6.52%;3.30%;-0.15%;7.25%;3.26%;
31.08.2019;2.87%;-7.38%;-4.67%;1.93%;-1.03%;4.74%;-3.41%;4.81%;-8.98%;8.30%;-8.19%;7.71%;-3.21%;2.01%;4.64%;-2.16%;-13.24%;6.30%;-1.88%;4.62%;-2.12%;-2.07%;-7.02%;-3.67%;-1.80%;-3.65%;5.54%;-18.61%;8.35%;-4.65%;-10.28%;-9.93%;3.70%;5.33%;-5.62%;-11.49%;-4.97%;0.98%;-2.58%;-5.42%;-11.67%;-9.98%;-4.95%;2.10%;7.71%;-2.15%;1.09%;0.61%;2.67%;5.75%;
30.09.2019;2.56%;8.95%;4.80%;3.76%;-1.80%;-0.29%;0.97%;3.72%;9.94%;2.10%;-4.12%;6.88%;6.79%;2.55%;7.17%;4.36%;12.94%;1.68%;-10.47%;5.77%;5.36%;7.28%;7.70%;2.27%;-0.50%;-9.28%;2.68%;14.07%;2.63%;4.36%;6.13%;3.94%;3.00%;1.85%;7.44%;4.68%;8.53%;-2.77%;5.97%;5.44%;15.36%;9.26%;9.33%;7.31%;-5.02%;4.17%;3.81%;-1.73%;-2.03%;-5.42%;
31.10.2019;4.13%;2.36%;1.61%;-2.32%;-3.37%;-12.31%;6.58%;-2.48%;6.03%;-0.05%;-2.02%;-0.65%;4.35%;-3.54%;-2.38%;-15.93%;3.86%;0.74%;4.34%;0.19%;0.69%;1.64%;0.04%;-4.32%;-5.10%;13.05%;6.24%;-6.37%;6.91%;15.56%;7.59%;6.60%;2.83%;-3.04%;5.58%;2.89%;4.36%;-5.51%;3.92%;-3.94%;12.60%;4.79%;5.90%;-5.53%;-3.98%;11.86%;-1.24%;13.15%;4.49%;-7.04%;
30.11.2019;-2.10%;2.12%;3.16%;-4.34%;10.82%;6.87%;0.98%;-5.44%;6.02%;-3.52%;7.59%;5.69%;7.31%;-1.87%;-5.78%;9.86%;3.06%;-4.57%;2.42%;-1.30%;-2.90%;5.78%;5.38%;6.23%;4.97%;12.20%;-1.65%;5.27%;-1.36%;-2.80%;7.58%;4.66%;-0.46%;-7.15%;2.97%;1.62%;13.87%;7.09%;-1.36%;-0.56%;13.67%;4.24%;2.24%;-0.70%;0.83%;-5.93%;-4.91%;1.96%;0.16%;0.43%;
31.12.2019;-1.57%;8.85%;-3.06%;3.32%;-0.57%;2.01%;-0.49%;-1.77%;-1.43%;2.51%;2.62%;-4.39%;3.84%;3.95%;5.01%;9.13%;1.14%;-3.63%;3.62%;2.73%;-2.53%;2.42%;1.28%;1.73%;5.69%;-7.26%;1.22%;-0.07%;-3.12%;-2.15%;-0.93%;-0.14%;3.15%;3.77%;4.02%;9.09%;4.08%;-1.70%;6.28%;-0.08%;5.33%;5.53%;9.10%;1.72%;0.89%;-7.13%;5.14%;0.35%;4.85%;0.49%;
31.01.2020;-10.39%;-3.43%;-2.51%;7.55%;2.09%;6.98%;4.73%;0.34%;-10.61%;9.02%;7.97%;12.23%;-1.22%;2.94%;3.90%;2.38%;-9.33%;3.63%;6.64%;4.51%;-2.08%;-0.94%;-9.12%;2.51%;-4.74%;-16.32%;-7.58%;-7.68%;4.06%;-3.45%;-7.34%;-15.01%;3.26%;8.63%;-10.23%;-7.89%;-5.43%;7.74%;-5.77%;-0.50%;-3.76%;-3.87%;-3.23%;-1.64%;1.81%;14.45%;4.62%;0.78%;13.73%;5.50%;
29.02.2020;-6.85%;-15.88%;-16.91%;-3.72%;-8.00%;-6.44%;-10.05%;-11.16%;-5.43%;-11.81%;-6.43%;-10.02%;-9.76%;-15.79%;-16.15%;-12.23%;-13.69%;-8.52%;-7.03%;-12.33%;-6.94%;-10.98%;-9.58%;-11.96%;-9.41%;3.20%;-10.65%;-16.12%;-5.08%;-8.00%;-10.28%;-12.93%;-3.80%;-7.66%;-12.84%;-13.34%;-4.26%;-7.72%;-9.32%;-0.60%;-9.94%;-9.81%;-10.96%;-15.09%;-13.77%;-1.34%;-11.77%;-12.76%;-4.21%;-6.33%;
31.03.2020;-4.40%;-5.83%;-19.67%;-7.81%;-9.11%;-2.48%;-28.47%;-19.08%;-9.85%;-2.18%;-15.07%;-35.99%;-17.93%;-14.95%;-0.23%;-18.46%;-24.27%;-22.28%;-1.75%;-9.33%;-35.87%;-22.33%;-33.09%;-25.51%;-6.68%;-2.89%;-4.13%;-42.01%;-20.29%;-37.07%;-14.02%;-12.89%;-6.73%;-15.31%;-19.62%;-24.68%;-17.34%;-11.34%;-24.31%;8.65%;-21.79%;-30.41%;-7.68%;-9.90%;10.36%;-3.18%;-3.43%;-11.02%;-15.63%;-7.39%;
30.04.2020;12.09%;5.57%;8.76%;0.50%;13.75%;9.35%;6.48%;-12.12%;20.82%;-2.83%;4.00%;38.88%;11.57%;10.46%;1.03%;8.40%;31.96%;11.85%;5.49%;2.99%;12.74%;14.41%;14.58%;42.74%;11.24%;33.36%;9.64%;34.76%;8.63%;15.06%;5.94%;15.75%;7.84%;1.58%;8.65%;25.22%;25.56%;9.37%;19.73%;3.52%;19.54%;10.73%;15.45%;4.53%;2.06%;10.68%;2.76%;8.89%;-0.86%;9.05%;
31.05.2020;12.70%;5.84%;-2.07%;2.72%;7.12%;1.39%;-11.53%;-10.41%;3.73%;2.61%;10.56%;17.11%;3.84%;3.69%;-4.75%;-1.02%;12.51%;-0.54%;11.82%;2.40%;-4.04%;-6.19%;-3.79%;5.79%;3.74%;4.35%;18.34%;8.27%;4.91%;6.25%;-0.19%;2.60%;27.10%;1.18%;11.93%;7.34%;14.08%;15.66%;-0.46%;-0.85%;-3.30%;13.84%;7.16%;-4.12%;12.49%;4.50%;0.79%;0.25%;11.95%;7.26%;
30.06.2020;-0.80%;2.53%;-0.40%;-5.85%;-0.08%;-4.34%;5.12%;8.62%;2.99%;0.48%;-10.52%;0.64%;-0.21%;-0.07%;-3.15%;-6.54%;2.29%;-5.60%;7.09%;-7.37%;6.63%;-3.62%;1.69%;7.55%;-0.50%;2.02%;0.83%;-3.01%;-1.45%;9.18%;0.42%;-2.01%;1.33%;-4.95%;4.91%;4.85%;-0.93%;-1.41%;7.68%;-6.43%;4.25%;11.10%;26.30%;7.31%;2.50%;1.61%;-2.54%;3.09%;1.63%;3.31%;
31.07.2020;2.16%;7.34%;-1.28%;14.78%;19.38%;0.60%;-0.31%;22.90%;11.54%;9.86%;-0.25%;19.31%;6.60%;8.61%;6.81%;2.50%;8.24%;-2.78%;5.43%;-25.22%;-9.38%;7.23%;4.09%;22.42%;4.29%;-5.01%;7.53%;1.30%;3.94%;-21.53%;-0.45%;2.32%;16.49%;13.36%;1.50%;-3.71%;2.41%;11.38%;5.31%;3.35%;1.23%;10.61%;5.27%;1.36%;17.52%;23.61%;6.44%;-0.14%;11.56%;24.62%;
31.08.2020;2.18%;4.51%;2.11%;-1.41%;1.96%;0.80%;-2.49%;1.90%;7.24%;-5.75%;11.13%;7.87%;6.71%;2.63%;-7.15%;-4.63%;-2.04%;-1.92%;1.18%;-1.41%;3.85%;3.89%;1.51%;-14.42%;9.69%;-2.44%;8.61%;-2.16%;-0.85%;15.63%;4.52%;8.37%;3.52%;-10.87%;11.84%;4.58%;5.68%;-1.09%;1.65%;9.90%;6.74%;5.20%;-4.49%;2.20%;4.37%;5.23%;-5.82%;1.81%;2.05%;-0.52%;
30.09.2020;7.82%;4.71%;0.84%;-0.04%;1.92%;-7.37%;-7.56%;-1.81%;2.52%;2.19%;7.23%;6.24%;-0.93%;-3.06%;10.19%;-3.13%;6.85%;-7.26%;-4.22%;1.79%;-7.32%;-3.13%;-2.55%;11.30%;1.21%;-6.86%;-9.89%;-13.09%;-1.00%;5.70%;-4.79%;-1.32%;2.23%;1.64%;1.89%;0.13%;-3.85%;-7.51%;-0.06%;-3.12%;-12.87%;0.98%;-6.48%;13.25%;-3.49%;-1.58%;-3.69%;10.79%;-2.25%;-1.96%;
31.10.2020;-2.10%;-0.54%;-6.60%;3.23%;-6.83%;-3.54%;-8.74%;-8.57%;4.13%;3.13%;-5.36%;-11.66%;2.19%;8.22%;0.89%;11.60%;4.34%;2.92%;-8.47%;3.52%;-5.11%;1.49%;15.58%;3.54%;-6.59%;-3.45%;-3.67%;12.03%;0.59%;5.74%;1.26%;7.40%;4.57%;9.42%;6.26%;-4.25%;7.45%;-6.02%;7.07%;-2.87%;0.14%;2.47%;10.69%;6.86%;-6.23%;6.75%;-4.10%;8.80%;-3.89%;-5.68%;
30.11.2020;9.49%;7.63%;29.40%;-4.12%;1.41%;-1.93%;35.56%;7.93%;5.13%;-2.83%;5.07%;11.51%;10.22%;1.94%;-2.85%;9.49%;20.48%;20.18%;8.89%;-10.63%;26.81%;15.08%;15.71%;0.45%;13.66%;-2.42%;11.12%;36.08%;9.05%;21.94%;18.97%;12.44%;-1.06%;1.35%;13.14%;26.61%;7.78%;15.14%;11.63%;4.46%;19.66%;10.90%;25.60%;-3.58%;16.52%;-1.16%;4.60%;7.91%;3.49%;-0.70%;
31.12.2020;-2.65%;2.02%;1.89%;0.36%;-2.47%;5.48%;-3.70%;14.43%;-1.19%;-0.23%;8.38%;-7.49%;3.87%;-3.50%;-4.33%;2.38%;2.96%;-3.44%;-0.14%;16.82%;-2.41%;2.00%;4.55%;5.35%;3.13%;2.89%;1.23%;6.54%;0.42%;12.02%;0.02%;-0.95%;7.82%;-2.32%;-1.35%;-2.14%;-1.41%;0.96%;-1.97%;-0.62%;3.26%;-2.76%;8.76%;6.46%;15.11%;2.83%;0.15%;3.86%;5.51%;-0.34%;
31.01.2021;-0.95%;-0.79%;1.60%;-6.22%;-1.88%;-3.94%;-2.42%;-3.02%;3.22%;-6.77%;0.20%;11.76%;-7.73%;-1.35%;-2.06%;-6.42%;-1.26%;1.81%;-9.07%;0.49%;4.15%;-4.81%;6.02%;9.47%;-6.53%;3.18%;-1.46%;-9.58%;4.78%;1.88%;-3.52%;-7.67%;-4.92%;-5.88%;-6.59%;8.03%;-0.91%;-8.86%;5.17%;0.70%;-3.12%;-2.84%;-5.35%;0.56%;-3.53%;-7.81%;-6.74%;-2.33%;-9.11%;-3.21%;
28.02.2021;9.87%;13.14%;6.00%;-3.37%;-4.18%;1.12%;8.61%;16.39%;8.01%;-4.87%;6.08%;0.09%;5.81%;-0.84%;-7.25%;-7.17%;11.09%;6.34%;0.52%;7.74%;15.54%;3.53%;15.95%;-9.58%;5.08%;-12.36%;9.07%;26.02%;2.32%;21.86%;6.66%;22.76%;-5.48%;-6.05%;0.08%;15.24%;-2.11%;-3.76%;12.85%;-3.79%;3.96%;0.78%;13.33%;11.97%;-7.98%;-7.91%;-4.93%;16.13%;6.52%;-6.73%;
31.03.2021;13.88%;1.45%;7.63%;15.78%;10.06%;8.90%;2.15%;5.33%;2.91%;14.01%;-0.53%;16.22%;11.69%;13.10%;15.19%;8.54%;0.79%;6.69%;1.80%;5.95%;0.28%;3.46%;2.48%;3.18%;7.25%;3.32%;14.67%;9.50%;7.15%;9.90%;10.49%;34.19%;3.13%;16.33%;11.89%;0.82%;9.58%;6.81%;14.32%;13.86%;15.45%;14.20%;-5.32%;1.28%;-4.21%;3.99%;17.61%;4.82%;-0.20%;11.26%;
30.04.2021;0.21%;10.75%;4.98%;5.06%;3.08%;1.60%;9.03%;9.94%;-2.73%;5.18%;6.98%;10.29%;8.79%;6.08%;3.49%;2.58%;5.40%;7.68%;8.95%;9.31%;12.31%;6.06%;-1.63%;-11.87%;7.11%;5.06%;1.57%;2.99%;8.98%;6.86%;9.02%;3.01%;22.60%;4.06%;13.96%;12.22%;-0.44%;10.69%;2.97%;3.52%;0.53%;3.95%;2.79%;5.62%;-0.75%;8.31%;4.80%;17.03%;16.34%;-1.84%;
31.05.2021;5.31%;5.39%;5.49%;-0.75%;3.88%;-4.17%;7.51%;8.01%;2.08%;-2.56%;-4.24%;-3.05%;0.88%;-1.45%;-0.22%;-6.02%;8.67%;1.64%;-0.55%;-0.03%;1.33%;3.07%;3.52%;-3.80%;-0.69%;-1.87%;0.49%;9.56%;2.85%;2.52%;6.49%;24.65%;3.32%;0.92%;4.95%;1.35%;-0.20%;0.94%;7.16%;1.76%;3.61%;4.85%;5.81%;2.85%;5.80%;-8.56%;-4.27%;2.97%;-1.24%;-0.01%;
30.06.2021;1.39%;-8.41%;-4.77%;-4.94%;-4.00%;-1.97%;-2.53%;-4.18%;-4.74%;-5.19%;0.72%;-4.98%;0.40%;-6.08%;-6.22%;3.49%;-6.90%;1.60%;0.62%;-0.83%;2.48%;-9.65%;-10.03%;5.80%;-0.93%;0.42%;-4.84%;-9.96%;4.80%;-8.78%;-4.60%;-6.45%;5.26%;-3.09%;-5.25%;0.64%;8.89%;4.49%;-11.81%;-2.14%;-5.40%;-5.45%;1.30%;-4.85%;-4.60%;0.54%;-2.47%;-4.67%;1.36%;-0.31%;
31.07.2021;-2.40%;-1.45%;2.50%;5.52%;1.69%;-3.58%;3.30%;1.61%;-4.80%;4.59%;6.43%;5.60%;10.97%;7.23%;2.86%;-5.74%;-2.92%;10.12%;6.46%;2.98%;1.22%;-2.25%;-0.30%;12.47%;3.02%;-8.06%;3.38%;-1.94%;14.65%;1.41%;-1.82%;8.90%;4.18%;1.93%;-3.68%;10.39%;7.48%;4.50%;-2.44%;1.19%;6.58%;-3.56%;-5.20%;3.40%;-2.03%;12.08%;2.58%;0.52%;2.37%;1.60%;
31.08.2021;3.79%;0.47%;3.05%;4.53%;-7.39%;-1.46%;-3.74%;4.68%;1.67%;3.79%;6.87%;0.20%;4.33%;2.57%;2.28%;7.36%;0.39%;0.80%;6.42%;1.44%;3.61%;3.39%;10.30%;5.48%;-0.95%;-1.11%;5.31%;12.20%;0.19%;1.47%;5.02%;13.02%;3.45%;-7.06%;-2.43%;5.28%;5.86%;-1.52%;3.20%;-5.67%;6.62%;-1.92%;-4.38%;3.30%;-7.03%;1.54%;-1.10%;6.98%;6.71%;-3.37%;
30.09.2021;-16.02%;0.61%;-7.50%;-7.66%;-4.97%;5.52%;-4.11%;-7.44%;-4.24%;-6.22%;-8.30%;-12.00%;-10.56%;-7.17%;-2.83%;-4.10%;-10.98%;-3.33%;4.06%;-7.41%;-3.10%;-7.33%;-0.45%;-6.75%;-7.61%;-10.08%;-5.57%;0.15%;-2.92%;-10.30%;-9.04%;-16.22%;-11.97%;-5.90%;-10.04%;-2.61%;-9.35%;-7.69%;-6.59%;-2.21%;-8.81%;-9.29%;-10.03%;-8.84%;-4.43%;-9.03%;-8.97%;-7.79%;-4.32%;-1.01%;
31.10.2021;19.65%;7.05%;2.95%;4.72%;17.74%;-1.47%;5.80%;6.89%;6.80%;1.04%;0.87%;6.31%;8.73%;2.19%;3.87%;14.78%;3.92%;7.01%;12.44%;8.17%;2.93%;-0.01%;2.83%;-0.68%;7.55%;-2.62%;17.92%;4.95%;9.35%;-0.11%;14.83%;13.81%;18.59%;-10.88%;12.28%;12.70%;8.62%;9.36%;-2.74%;2.36%;17.10%;2.94%;26.63%;12.39%;17.48%;-0.28%;4.44%;5.07%;13.81%;5.80%;
30.11.2021;8.66%;-3.16%;0.88%;-3.20%;-4.13%;-5.56%;-5.10%;-6.21%;-12.55%;-2.49%;-9.70%;9.44%;-3.09%;-4.42%;2.97%;3.73%;0.25%;-0.14%;5.56%;-2.26%;1.93%;-2.57%;-5.72%;1.94%;1.17%;1.10%;-3.06%;-7.53%;1.53%;-5.27%;-5.97%;-4.83%;7.56%;0.87%;-3.99%;-1.68%;5.26%;-4.74%;1.32%;2.94%;-9.72%;-2.77%;10.58%;0.80%;-8.35%;-5.54%;-1.95%;-5.81%;2.06%;2.31%;
31.12.2021;8.60%;9.25%;8.47%;9.09%;5.85%;15.11%;6.81%;0.03%;4.65%;11.34%;11.28%;11.00%;11.16%;10.34%;10.98%;4.55%;15.94%;3.77%;3.91%;11.54%;11.13%;8.30%;3.91%;2.45%;5.22%;8.39%;7.09%;2.91%;11.24%;8.52%;3.38%;7.43%;2.30%;9.93%;12.26%;0.64%;4.12%;5.97%;5.29%;8.23%;4.53%;8.40%;7.04%;8.52%;7.14%;3.31%;16.83%;5.94%;9.30%;15.00%;
31.01.2022;-10.98%;10.96%;7.59%;0.34%;-6.82%;-0.09%;-1.86%;3.99%;1.26%;-1.03%;-4.93%;-17.55%;-6.44%;1.49%;1.32%;-7.05%;-0.98%;-5.04%;-13.19%;0.89%;-5.74%;9.15%;-1.34%;-8.25%;-8.84%;1.27%;-5.80%;2.52%;-9.92%;-13.34%;-1.91%;-10.78%;-15.86%;-1.39%;-9.42%;1.56%;-17.09%;-11.12%;-3.31%;3.50%;2.24%;-7.41%;-28.19%;-8.32%;-8.09%;-9.82%;2.34%;-5.15%;-5.69%;0.15%;
28.02.2022;-9.93%;4.60%;-2.75%;-3.14%;-16.24%;-0.55%;9.13%;4.21%;-7.59%;-0.57%;2.70%;-4.28%;-7.68%;0.96%;-0.79%;1.00%;-0.39%;-4.61%;-3.75%;-0.26%;-7.77%;-1.11%;3.05%;1.32%;-10.71%;-8.11%;5.40%;-3.06%;-0.50%;-10.83%;-2.35%;29.80%;-3.71%;2.99%;-14.56%;6.21%;-7.83%;2.66%;0.93%;-4.15%;-9.70%;-6.84%;0.42%;-4.66%;-0.82%;5.77%;2.42%;-14.22%;2.01%;-4.68%;
31.03.2022;-6.84%;15.67%;6.06%;9.09%;5.76%;-8.45%;5.31%;10.73%;1.14%;10.05%;2.10%;-12.52%;0.35%;8.73%;11.45%;10.53%;-5.41%;8.93%;7.13%;10.59%;3.82%;-0.36%;-5.80%;7.94%;-0.09%;16.28%;-0.85%;-3.06%;2.37%;-11.78%;2.24%;12.94%;-7.79%;10.26%;-1.40%;-4.72%;5.47%;5.36%;-1.59%;1.22%;2.10%;-14.08%;0.36%;1.46%;-5.10%;7.77%;9.52%;-1.27%;7.05%;1.84%;
30.04.2022;-8.55%;-0.78%;-11.04%;-0.26%;-5.74%;-8.36%;-8.02%;-9.30%;-7.76%;-1.79%;-13.54%;-6.60%;-15.04%;-0.19%;-2.05%;-0.87%;-7.71%;-4.10%;-7.06%;-5.56%;-3.21%;-2.50%;-9.14%;-6.29%;-1.00%;-5.62%;-14.91%;-7.97%;-6.10%;13.57%;-10.93%;4.47%;-3.99%;-8.83%;-2.35%;-13.90%;-9.77%;-0.49%;3.41%;1.12%;-22.65%;-13.63%;-10.80%;-6.21%;-22.26%;-4.31%;-5.10%;4.21%;-14.24%;-1.83%;
31.05.2022;3.35%;1.41%;5.74%;2.47%;5.17%;7.02%;-5.46%;4.24%;10.53%;3.42%;-2.85%;7.99%;0.46%;1.27%;7.03%;1.63%;7.30%;-13.79%;-5.38%;-0.81%;-1.79%;-0.31%;5.55%;4.56%;0.91%;1.24%;1.01%;-3.00%;-7.49%;0.28%;8.44%;-14.42%;-1.63%;10.32%;-1.17%;-8.30%;-15.62%;-5.73%;4.42%;-8.44%;8.24%;-1.22%;3.60%;-4.31%;4.20%;5.72%;2.57%;-4.45%;-4.21%;-7.69%;
30.06.2022;-9.05%;-14.16%;-8.00%;-5.07%;-2.31%;-15.54%;-19.97%;-6.95%;-6.79%;-4.34%;-10.73%;-11.64%;-9.06%;-4.49%;-3.39%;-9.54%;-18.51%;-7.87%;0.97%;-9.83%;-16.73%;-0.10%;-13.33%;-7.93%;-4.87%;0.11%;-8.54%;-19.26%;-3.50%;-12.28%;-13.66%;-21.18%;-11.67%;-5.83%;-9.19%;-16.52%;-6.00%;-10.80%;-10.61%;2.81%;-14.95%;-11.65%;-17.95%;-13.60%;-1.61%;-1.23%;-3.03%;-5.79%;-1.56%;3.16%;
31.07.2022;15.71%;6.66%;3.56%;3.71%;3.92%;-8.31%;3.56%;-17.70%;14.35%;1.82%;4.43%;17.89%;10.19%;3.57%;4.38%;7.16%;7.70%;10.49%;11.73%;7.06%;11.57%;3.34%;11.86%;3.00%;14.93%;2.25%;16.38%;9.77%;6.33%;3.54%;4.09%;30.67%;1.84%;0.48%;13.08%;5.67%;28.08%;10.65%;13.71%;3.37%;16.27%;-6.54%;12.66%;16.35%;8.32%;10.45%;8.29%;17.66%;11.59%;-5.06%;
31.08.2022;-10.36%;6.19%;3.70%;-0.54%;1.70%;-2.05%;-12.87%;-0.39%;-2.68%;-1.73%;-12.09%;-8.82%;-6.52%;0.03%;-1.54%;1.12%;-5.14%;-7.49%;0.85%;-3.77%;-4.11%;-3.31%;0.83%;-5.35%;-3.29%;-9.33%;-5.05%;-9.44%;-10.14%;-14.10%;-4.70%;-2.11%;-5.17%;3.76%;-1.79%;-2.74%;-7.18%;-7.67%;-2.76%;5.80%;-3.79%;-9.48%;-16.11%;0.70%;-7.66%;-12.47%;-6.60%;-3.59%;-3.16%;-4.84%;
30.09.2022;-13.94%;-8.04%;-4.81%;-13.03%;-7.81%;-6.27%;-5.62%;-7.62%;-4.86%;-13.19%;-8.19%;-5.05%;-6.33%;-11.73%;-11.56%;-16.51%;-21.92%;-8.61%;-7.48%;-5.51%;-11.01%;2.58%;-1.64%;-4.50%;-0.68%;-5.38%;-9.91%;-4.67%;-6.40%;-17.37%;-10.02%;-19.52%;-5.93%;-14.39%;-12.41%;-0.06%;-8.81%;-10.67%;-7.01%;-1.09%;-11.03%;-14.63%;-11.10%;-5.06%;-11.06%;3.00%;-9.65%;-11.39%;-3.91%;-14.40%;
31.10.2022;12.76%;20.55%;15.85%;1.85%;8.35%;1.42%;-1.77%;16.15%;20.15%;-2.04%;3.60%;14.15%;12.10%;-1.89%;2.57%;7.34%;9.09%;-7.42%;6.34%;1.92%;11.08%;15.87%;16.44%;5.08%;11.24%;11.55%;9.37%;22.68%;1.53%;3.90%;-0.64%;23.37%;-4.39%;4.19%;3.15%;-0.05%;18.68%;15.27%;10.28%;9.64%;22.95%;5.32%;8.25%;3.80%;8.70%;21.34%;4.61%;4.63%;-2.79%;3.77%;
30.11.2022;11.52%;0.54%;10.47%;9.57%;23.87%;4.01%;-0.85%;7.39%;2.72%;7.05%;15.71%;11.86%;8.62%;3.48%;11.46%;11.03%;12.77%;-0.84%;8.41%;9.36%;12.24%;4.05%;1.98%;12.33%;7.15%;7.17%;7.49%;-27.04%;5.63%;6.94%;10.39%;14.13%;8.28%;18.03%;18.43%;3.03%;3.49%;6.05%;8.35%;2.22%;7.66%;4.12%;14.87%;11.99%;-10.80%;-3.90%;12.81%;14.03%;1.36%;10.44%;
31.12.2022;-5.76%;-4.36%;0.60%;-0.45%;-0.61%;-9.84%;-6.24%;-7.72%;-2.92%;4.54%;4.53%;3.65%;-4.26%;1.31%;-1.92%;-4.56%;-5.98%;-3.84%;-12.85%;2.75%;-9.05%;0.49%;-8.91%;-1.77%;-3.86%;0.82%;-4.96%;-21.11%;-4.79%;0.88%;-4.96%;-12.10%;-7.92%;-2.91%;-6.51%;-5.76%;-2.06%;-1.55%;-4.37%;3.59%;-2.64%;-7.15%;-6.42%;-4.27%;-1.48%;-9.36%;-6.18%;-6.38%;-4.21%;-1.19%;
31.01.2023;18.27%;-10.77%;2.17%;-1.64%;4.52%;-9.90%;11.95%;11.23%;2.99%;-0.22%;5.52%;11.04%;12.13%;-0.19%;0.00%;9.54%;9.24%;7.78%;5.42%;-2.36%;11.56%;0.25%;8.82%;8.77%;4.97%;6.00%;8.43%;15.33%;6.20%;17.45%;10.53%;28.72%;27.55%;-1.96%;3.66%;13.72%;9.50%;-1.24%;8.86%;-3.57%;18.69%;18.89%;16.43%;4.69%;8.74%;-0.38%;4.88%;5.07%;2.79%;0.31%;
28.02.2023;-2.57%;-3.92%;-7.28%;-4.79%;-10.77%;-12.56%;-12.15%;6.67%;-2.59%;-6.68%;-6.29%;-6.29%;-1.27%;-5.72%;-6.25%;-3.90%;-3.37%;0.88%;-1.98%;-3.44%;-4.26%;0.87%;0.99%;-2.13%;-5.89%;-9.58%;-4.37%;-9.19%;-3.13%;-14.33%;-1.75%;-0.93%;-7.46%;0.00%;1.32%;-3.98%;4.57%;0.97%;-0.02%;-3.21%;-2.90%;-4.14%;-0.55%;-1.32%;-3.25%;-3.30%;-4.02%;-3.83%;-4.25%;3.61%;
31.03.2023;5.36%;0.62%;-4.76%;4.45%;0.43%;2.25%;-17.35%;-7.14%;-1.11%;4.93%;14.19%;5.90%;1.71%;-0.15%;8.02%;6.62%;-1.01%;-8.30%;0.34%;2.32%;-7.45%;-9.59%;-26.89%;1.33%;2.69%;-6.12%;-2.74%;-29.16%;-5.66%;-2.56%;-7.49%;-7.75%;-4.04%;7.55%;1.63%;0.54%;-0.10%;2.44%;-0.06%;7.14%;-14.65%;-5.88%;6.41%;-5.17%;8.90%;7.01%;0.24%;-1.38%;2.61%;5.87%;
30.04.2023;-1.24%;-1.98%;8.26%;3.77%;3.13%;17.55%;0.45%;-4.36%;-1.61%;1.43%;2.17%;12.42%;-3.80%;3.52%;2.93%;5.38%;0.92%;6.27%;-0.82%;-0.65%;1.13%;-1.16%;1.41%;6.58%;-10.70%;2.96%;-0.10%;-3.29%;1.83%;5.67%;-10.59%;-3.74%;2.89%;-0.98%;5.00%;-9.40%;-3.42%;3.20%;5.07%;-1.88%;-3.72%;8.14%;-15.00%;2.32%;4.18%;12.58%;1.58%;-2.49%;12.14%;9.85%;
31.05.2023;-5.95%;-9.52%;-8.07%;-8.88%;-8.57%;-14.60%;-8.79%;-9.34%;-13.03%;-6.87%;-2.60%;-2.71%;-8.78%;-4.28%;-5.25%;-8.26%;-8.52%;-1.67%;-6.51%;-6.06%;-10.81%;-4.92%;-7.95%;-8.28%;-3.47%;-17.28%;-4.75%;-1.63%;-3.48%;-13.09%;-7.98%;-10.88%;-9.99%;-0.42%;-6.40%;-10.93%;-1.70%;0.03%;-4.07%;-5.06%;-5.87%;-13.17%;9.64%;11.64%;10.81%;-6.93%;1.00%;-7.65%;-3.20%;-4.81%;
30.06.2023;13.83%;7.59%;9.40%;0.74%;11.29%;11.89%;18.33%;0.85%;20.81%;2.14%;3.20%;14.16%;11.15%;2.25%;-2.30%;2.86%;8.60%;8.44%;4.36%;5.04%;9.72%;6.24%;4.56%;2.64%;8.08%;1.14%;8.68%;23.14%;3.26%;12.08%;3.09%;24.17%;18.85%;5.41%;13.46%;16.50%;18.77%;5.85%;16.54%;1.39%;7.59%;25.00%;11.24%;15.57%;6.85%;9.27%;1.57%;6.62%;10.64%;8.72%;
31.07.2023;-0.21%;12.44%;3.64%;5.69%;2.55%;-0.01%;17.73%;11.38%;6.38%;3.95%;2.04%;4.38%;-1.14%;4.77%;4.93%;3.61%;3.21%;5.00%;8.58%;1.31%;6.12%;2.33%;15.19%;-1.91%;5.22%;2.36%;12.66%;8.85%;-1.45%;3.08%;9.15%;5.28%;2.70%;1.67%;-2.97%;-1.42%;2.08%;2.55%;-5.47%;2.02%;-0.15%;7.06%;1.45%;-2.19%;3.93%;-4.67%;4.62%;7.63%;2.34%;-4.55%;
31.08.2023;0.23%;-6.66%;3.08%;-7.47%;-3.22%;-10.24%;0.21%;-1.66%;-11.79%;-7.99%;-5.43%;-6.30%;1.60%;-9.55%;-6.22%;-3.29%;-0.67%;-2.12%;0.31%;-8.43%;-3.53%;-0.33%;-9.40%;-5.89%;0.56%;1.27%;-7.87%;-6.85%;-2.09%;-4.65%;-5.05%;0.01%;-4.97%;-5.73%;-1.49%;-0.26%;-7.20%;1.36%;-1.41%;-3.78%;-5.11%;-4.93%;-4.49%;-1.02%;-7.02%;-3.09%;-4.73%;2.37%;5.18%;1.15%;
30.09.2023;-8.79%;-4.39%;3.51%;-5.60%;-4.09%;-6.40%;-10.92%;-3.31%;0.03%;-4.71%;-14.05%;-9.52%;-5.60%;-3.97%;-2.98%;-8.08%;-9.75%;-11.03%;0.42%;-4.24%;-7.46%;-2.55%;-6.22%;-7.14%;-8.12%;-10.48%;0.55%;-3.78%;-11.42%;-15.37%;-8.66%;-9.15%;-2.32%;-4.65%;-8.02%;-0.28%;-8.04%;-2.96%;-4.46%;-14.57%;-2.59%;-11.44%;-6.77%;-7.26%;-1.27%;-5.36%;-8.06%;-3.03%;-5.60%;-5.04%;
31.10.2023;5.49%;-5.10%;1.77%;1.99%;0.27%;-14.07%;-8.41%;-1.88%;-5.32%;2.32%;-1.97%;-2.86%;-6.85%;-2.05%;2.64%;0.78%;-1.60%;1.98%;-1.23%;4.15%;1.75%;7.02%;-5.87%;-4.65%;-7.98%;-6.65%;-8.83%;-11.83%;-8.16%;-6.33%;-4.20%;-5.16%;-11.33%;0.68%;-5.42%;2.03%;-8.07%;0.89%;1.13%;-7.38%;-2.48%;2.64%;-17.11%;-2.74%;-4.73%;0.75%;1.63%;-4.30%;-0.60%;-0.75%;
30.11.2023;8.54%;3.02%;5.89%;2.48%;-4.21%;11.26%;6.27%;3.13%;3.63%;4.45%;8.07%;22.29%;8.63%;8.02%;2.64%;6.23%;12.18%;-0.22%;4.99%;3.76%;4.83%;6.04%;16.68%;7.75%;5.69%;0.76%;7.80%;11.39%;6.47%;9.87%;20.24%;15.01%;9.99%;2.23%;15.66%;9.64%;4.81%;10.32%;6.49%;-3.61%;12.67%;6.88%;10.76%;8.69%;18.28%;8.32%;5.71%;11.74%;7.87%;6.26%;
31.12.2023;9.39%;-1.44%;0.26%;-6.77%;1.20%;8.01%;23.26%;0.65%;7.68%;3.23%;12.32%;19.32%;9.36%;5.91%;1.89%;6.72%;7.15%;16.15%;5.43%;0.36%;7.80%;-1.15%;12.97%;0.21%;7.65%;15.55%;8.07%;13.41%;8.02%;17.20%;6.47%;2.39%;15.18%;-4.14%;5.86%;7.88%;13.27%;1.29%;5.86%;16.28%;6.37%;8.89%;17.80%;6.52%;1.74%;7.62%;2.57%;3.94%;-4.86%;-1.85%;
